#time,SMEAR_TEMP_168.dat,SMEAR_PRESS.dat,SMEAR_RH.dat,SMEAR_SWR.dat,SA_tower.dat,SA_ground.dat,NH3.dat,SMEAR_CS.dat,SMEAR_GAS_CO.dat,SMEAR_GAS_NO2.dat,SMEAR_GAS_NO.dat,SMEAR_GAS_O3.dat,SMEAR_GAS_SO2.dat
1.01000000000000000000e+02,-6.99999999999999955591e-01,1.00801999999999998181e+03,4.40600000000000022737e+01,-1.77782499999999998863e+00,3.21335937500000000000e+05,2.85144531250000000000e+05,2.00000000000000000000e+00,3.47765000000000009880e-03,1.86240000000000009095e+02,4.52000000000000012879e-01,5.00000000000000027756e-02,4.02999999999999971578e+01,5.00000000000000027756e-02
1.01006944444444442865e+02,-7.00038369304050833719e-01,1.00828995523581193083e+03,4.32497378097556506304e+01,-2.01564202857133922819e+00,2.68313640723773802165e+05,2.61789895876840048004e+05,2.00000000000000000000e+00,3.61302367724864164494e-03,1.83828666662809553145e+02,5.32667957353981091906e-01,5.00000000000000027756e-02,4.09640000010621179172e+01,9.99994240045603138833e-02
1.01013888888888885731e+02,-7.50006394884621729879e-01,1.00825001598721155460e+03,4.28299904076730655333e+01,-2.25080503809493315259e+00,2.15291343947547546122e+05,2.38435260503680096008e+05,3.43054592947887249110e+00,3.74839735449728275740e-03,1.81417333325619125617e+02,6.13335914707962115422e-01,5.00000000000000027756e-02,4.16280000021242315711e+01,1.29999936000097432443e-01
1.01020833333333328596e+02,-5.39976019184713162957e-01,1.00827003357314140430e+03,4.27600047961630522764e+01,-2.26180261904700330433e+00,1.62269047171321319183e+05,2.15080625130520144012e+05,2.57467148547508539735e+00,3.88377103174592430354e-03,1.79006000006446271300e+02,6.94003135899643242013e-01,5.00000000000000027756e-02,4.22920000020826449827e+01,5.00000000000000027756e-02
1.01027777777777771462e+02,-3.10009592326319416422e-01,1.00831000959232630976e+03,4.24699808153473625794e+01,-2.39847025396780644257e+00,1.39286679730328905862e+05,1.93946484414384642150e+05,3.64473182835257958345e+00,3.86416597883600370505e-03,1.80349333335481190943e+02,7.59334378633169881923e-01,5.00000000000000027756e-02,4.27260000006939222317e+01,1.79999648002786838408e-01
1.01034722222222228538e+02,-5.40000000000000035527e-01,1.00852994564348421136e+03,4.23500415667473859571e+01,-2.60996255872726923286e+00,1.16304312457171094138e+05,1.72812343710615357850e+05,7.14766485531822759469e+00,3.84074997354495652896e-03,1.81692666664518810649e+02,8.24665621366830192684e-01,5.00000000000000027756e-02,4.31599999993060805537e+01,5.00000000000000027756e-02
1.01041666666666671404e+02,-5.10000000000000008882e-01,1.00857998561151089234e+03,4.30900431654675202253e+01,-2.23146969523840299487e+00,9.33219452496193407569e+04,1.51678203131261456292e+05,3.80240714705072591073e+00,3.81733396825395749144e-03,1.83035999993553730292e+02,8.89996864100356721572e-01,5.00000000000000027756e-02,4.35939999979173578026e+01,2.29998704013023275161e-01
1.01048611111111114269e+02,-5.00023980817331681337e-01,1.00850000639488462184e+03,4.24799984012788414134e+01,-1.77550493333225478665e+00,8.20703853747462271713e+04,1.52798598962507647229e+05,2.00000000000000000000e+00,4.01180963888897370445e-03,1.79699333344007840196e+02,9.11332650655745535317e-01,5.00000000000000027756e-02,4.32660000010493206446e+01,1.49999888000170500391e-01
1.01055555555555557135e+02,-8.19968025579957515703e-01,1.00858003197442008059e+03,4.31999744204639668510e+01,-1.93656933333319702939e+00,7.08188254998731135856e+04,1.53918994793753809063e+05,3.58943594594601211867e+00,4.21727144444452358568e-03,1.76362666672003911117e+02,9.32666325327872747231e-01,5.00000000000000027756e-02,4.29380000005246600381e+01,2.20000127998986605427e-01
1.01062500000000000000e+02,-7.19999999999999973355e-01,1.00855999999999994543e+03,4.30000000000000000000e+01,-1.54024000000000005350e+00,5.95672656250000000000e+04,1.55039390625000000000e+05,4.03085276235020906199e+00,4.41307738095240553039e-03,1.73026000000000010459e+02,9.53999999999999959144e-01,5.00000000000000027756e-02,4.26099999999999994316e+01,2.30000000000000009992e-01
1.01069444444444442865e+02,-6.20012789768016991943e-01,1.00861999360511595114e+03,4.32200127897680133060e+01,-1.75639381904762958975e+00,5.21963815241476841038e+04,1.44225822936810960528e+05,2.40934880927446437582e+00,4.48442989417989924111e-03,1.74849333336249912918e+02,9.12666005322753437490e-01,5.00000000000000027756e-02,4.17913333320238180590e+01,5.00000000000000027756e-02
1.01076388888888885731e+02,-5.79999999999999960032e-01,1.00875998401278843630e+03,4.30600095923269350351e+01,-1.76498299999999996857e+00,4.48254974232953682076e+04,1.33412255248621921055e+05,2.00000000000000000000e+00,4.55578240740739381920e-03,1.76672666672499786955e+02,8.71332010645506915836e-01,5.00000000000000027756e-02,4.09726666640476366865e+01,1.50000063999902566447e-01
1.01083333333333328596e+02,-6.90009592326114695737e-01,1.00878000959232610967e+03,4.33299568345324814800e+01,-1.75856199999999995853e+00,3.74546133224430523114e+04,1.22598687560432896134e+05,2.00000000000000000000e+00,4.63136952380945043917e-03,1.78495999996496948370e+02,8.30000351988735451947e-01,5.00000000000000027756e-02,4.01539999966153047239e+01,2.20000527994694244915e-01
1.01090277777777771462e+02,-5.00025579536851783047e-01,1.00889996163069474733e+03,4.35199968025578982633e+01,-1.91266420634916567423e+00,6.90857265035536838695e+04,1.27303390616232529283e+05,2.00000000000000000000e+00,4.79094293650782123567e-03,1.77765999998832825213e+02,8.37333450662906764173e-01,5.00000000000000027756e-02,3.94486666655389157654e+01,1.00000127998986609867e-01
1.01097222222222228538e+02,-2.80019184652638919442e-01,1.00883995523581052112e+03,4.31400031974421054315e+01,-2.11631577460500608368e+00,1.00716839902696301579e+05,1.32008093758767470717e+05,5.00827343923689216609e+00,4.95051634920651816019e-03,1.77036000001167195705e+02,8.44666549337093175431e-01,5.00000000000000027756e-02,3.87433333344610844051e+01,1.79999712002280154444e-01
1.01104166666666671404e+02,-1.00009592326114782335e-01,1.00870004316546760492e+03,4.26500095923261142161e+01,-2.12693623333276882192e+00,1.32347953691192931728e+05,1.36712796829019207507e+05,2.00000000000000000000e+00,5.10312952380941996927e-03,1.76306000003503072548e+02,8.51999648011264487657e-01,5.00000000000000027756e-02,3.80380000033846954466e+01,2.29998896011093884040e-01
1.01111111111111114269e+02,-3.40004796163466349590e-01,1.00887000959232693731e+03,4.30700207833750212671e+01,-2.21875339682541738995e+00,2.33659760794128640555e+05,1.28485216115179471672e+05,2.98223873433062536265e+00,4.97269301587294643846e-03,1.77839999995092512108e+02,7.89335338698747390751e-01,5.00000000000000027756e-02,4.02586666595624222964e+01,1.50000047999926916509e-01
1.01118055555555557135e+02,-5.39987210231983039144e-01,1.00912987210231983681e+03,4.39000383693040490130e+01,-2.21238335555553478073e+00,3.34971567897064320277e+05,1.20257635401339735836e+05,3.34513188289861673752e+00,4.84225650793647377501e-03,1.79373999997546235363e+02,7.26667669349373768206e-01,5.00000000000000027756e-02,4.24793333297812125693e+01,1.50000959992399485188e-01
1.01125000000000000000e+02,-5.69999999999999951150e-01,1.00899000000000000909e+03,4.37299999999999968736e+01,-2.22088999999999980872e+00,4.36283375000000000000e+05,1.12030054687500000000e+05,3.09927042519094397832e+00,4.71182000000000024420e-03,1.80907999999999987040e+02,6.64000000000000034639e-01,5.00000000000000027756e-02,4.47000000000000028422e+01,1.90000000000000002220e-01
1.01131944444444442865e+02,-4.30025579536033930594e-01,1.00910995523581198086e+03,4.30000191846520252170e+01,-2.43731661587292158799e+00,4.00732968816225882620e+05,1.20508572900872270111e+05,3.20184876069086765682e+00,4.48088746031752131749e-03,1.81831333334810267388e+02,6.36666229326336985395e-01,5.00000000000000027756e-02,4.36186666649369954030e+01,5.00000000000000027756e-02
1.01138888888888885731e+02,-7.69998401278844557538e-01,1.00901002398081732281e+03,4.36799792166249787329e+01,-2.71955164126951576264e+00,3.65182562632451765239e+05,1.28987091114244540222e+05,3.22147655562236678861e+00,4.24995492063504325814e-03,1.82754666669620547736e+02,6.09332458652673936150e-01,5.00000000000000027756e-02,4.25373333298739879638e+01,1.30000287999561564556e-01
1.01145833333333328596e+02,-9.10004796163057405600e-01,1.00923998081534773519e+03,4.39300335731414008933e+01,-2.81601672857119789128e+00,3.29632156448677647859e+05,1.37465609327616810333e+05,2.43058190582716182604e+00,4.01902238095256433142e-03,1.83677999997559055601e+02,5.82000639979519007738e-01,5.00000000000000027756e-02,4.14560000009373510466e+01,3.20000095999035338856e-01
1.01152777777777771462e+02,-8.29996802557893431640e-01,1.00917002238209465759e+03,4.47299584332526123376e+01,-2.83731540952372807141e+00,2.94084796941244450863e+05,1.35316677087337971898e+05,2.13487659803695617455e+00,3.93110095238104195747e-03,1.83169333332520011481e+02,5.95333546659830514791e-01,5.00000000000000027756e-02,4.16513333336456526013e+01,5.00000000000000027756e-02
1.01159722222222228538e+02,-8.49996802557893449404e-01,1.00930000319744203807e+03,4.49699999999999988631e+01,-2.68752718095254383712e+00,2.58537437433755549137e+05,1.33167744787661998998e+05,2.49978146277986379431e+00,3.84669619047612980356e-03,1.82660666667479972602e+02,6.08666453340169444353e-01,5.00000000000000027756e-02,4.18466666663543520599e+01,1.89999712002280163325e-01
1.01166666666666671404e+02,-9.10014388489172154628e-01,1.00930993764988022576e+03,4.52200047961630531290e+01,-2.96330722857219841515e+00,2.22990078090130846249e+05,1.31018812405368342297e+05,3.02748748793924127298e+00,3.76229142857139025463e-03,1.82152000002440928483e+02,6.21999360020480951405e-01,5.00000000000000027756e-02,4.20419999990626536146e+01,8.99996640033763894984e-02
1.01173611111111114269e+02,-1.29000639488462187643e+00,1.00932997601918270902e+03,4.61600351718654167144e+01,-2.98282263968221394990e+00,2.16750760393420554465e+05,1.14085885353578894865e+05,4.64140305671301245383e+00,3.91559703703706855210e-03,1.79996666673561890093e+02,7.39329578606600534840e-01,5.00000000000000027756e-02,4.21713333329195805277e+01,5.00000000000000027756e-02
1.01180555555555557135e+02,-1.53996802557995771110e+00,1.00941989768185578669e+03,4.76699104716238863944e+01,-2.85438405079367729655e+00,2.10511442696710291784e+05,9.71529583017894474324e+04,2.61220886878074542992e+00,4.08088804232802949967e-03,1.77841333336780962782e+02,8.56664789303300255874e-01,5.00000000000000027756e-02,4.23006666664597901217e+01,3.60000447996453087907e-01
1.01187500000000000000e+02,-1.43999999999999994671e+00,1.00938999999999998636e+03,4.75900000000000034106e+01,-2.83732899999999998997e+00,2.04272125000000000000e+05,8.02200312500000000000e+04,2.35529143457513123749e+00,4.24617904761899131461e-03,1.75686000000000007049e+02,9.73999999999999976907e-01,5.00000000000000027756e-02,4.24299999999999997158e+01,1.60000000000000003331e-01
1.01194444444444442865e+02,-1.86005115907206808323e+00,1.00927011510791214732e+03,4.76500511590720634558e+01,-2.68313746349209480968e+00,2.34133468694372131722e+05,1.24031624918384593911e+05,2.00000000000000000000e+00,6.14057311111032653322e-03,1.73371999996298598035e+02,8.63331562638339988780e-01,5.00000000000000027756e-02,4.22759999997536652927e+01,1.19999424004560303891e-01
1.01201388888888885731e+02,-1.66000479616346630074e+00,1.00945997921662501540e+03,4.80100271782596408343e+01,-1.92786804127112310070e+00,2.63994812388744263444e+05,1.67843218586769187823e+05,2.07310743060627267198e+00,8.16912172222137959732e-03,1.71057999992597160599e+02,7.52663125276680000653e-01,5.00000000000000027756e-02,4.21219999995073308696e+01,4.29999728000414083162e-01
1.01208333333333328596e+02,-1.47999999999999998224e+00,1.00930003357314137702e+03,4.70699232613910822920e+01,-4.55917942860350089429e-01,2.93856156083116366062e+05,2.11654812255153752631e+05,2.00000000000000000000e+00,1.01318503174600178796e-02,1.68744000015311115703e+02,6.41998528047106220562e-01,5.00000000000000027756e-02,4.19679999975430604309e+01,1.40000431995658924933e-01
1.01215277777777771462e+02,-1.57998081534736112275e+00,1.00933001918465265589e+03,4.71399232613894483279e+01,2.22373055237488914671e+00,2.97414281243369216099e+05,1.86406338588718586834e+05,2.00000000000000000000e+00,1.07891485978831250941e-02,1.71934666671768184187e+02,6.11332842682389632216e-01,5.00000000000000027756e-02,4.14559999991813725728e+01,5.00000000000000027756e-02
1.01222222222222228538e+02,-1.79000319744210645290e+00,1.00946997761790532877e+03,4.77500319744210628414e+01,9.93424266033384384400e+00,3.00972406256630783901e+05,1.61157864536281413166e+05,2.00000000000000000000e+00,1.14464468783075749847e-02,1.75125333328231818086e+02,5.80667157317610316269e-01,5.00000000000000027756e-02,4.09440000008186331115e+01,2.39999456004306943591e-01
1.01229166666666671404e+02,-2.09995203836942634368e+00,1.00943006714628279497e+03,4.91299232613910845657e+01,1.98308230952539439329e+01,3.04530531267930404283e+05,1.35909390604916086886e+05,2.00000000000000000000e+00,1.21647530158755616536e-02,1.78315999984688886570e+02,5.50001471952893838946e-01,5.00000000000000027756e-02,4.04320000024569452535e+01,1.09999808001929377799e-01
1.01236111111111114269e+02,-2.41999999999999992895e+00,1.00946997921662500630e+03,4.99199904076730689440e+01,3.35325813333477142919e+01,3.07738906261953583453e+05,1.32315674465777410660e+05,2.00000000000000000000e+00,1.53640453439170421995e-02,1.77960000001138894277e+02,5.93331946644483188003e-01,5.00000000000000027756e-02,4.14393333301107276156e+01,1.09999824000267934498e-01
1.01243055555555557135e+02,-2.60998081534797421455e+00,1.00961985931255185278e+03,4.95101023181441348697e+01,4.86280306031784732568e+01,3.10947281255976820830e+05,1.28721958326638705330e+05,2.00000000000000000000e+00,1.85633376719585227455e-02,1.77604000000569442363e+02,6.36665973322241618426e-01,5.00000000000000027756e-02,4.24466666650553605677e+01,3.20001215990372678277e-01
1.01250000000000000000e+02,-2.47999999999999998224e+00,1.00950999999999999091e+03,4.77700000000000031264e+01,6.60355299999999942884e+01,3.14155656250000000000e+05,1.25128242187500000000e+05,2.00000000000000000000e+00,2.17626300000000015566e-02,1.77247999999999990450e+02,6.80000000000000048850e-01,5.00000000000000027756e-02,4.34540000000000006253e+01,2.60000000000000008882e-01
1.01256944444444442865e+02,-2.19000639488400850041e+00,1.00963992965627585363e+03,4.86099616306959489975e+01,8.46036533650747202273e+01,3.75321801969388616271e+05,1.44944817671417578822e+05,2.00000000000000000000e+00,1.76163667724878736376e-02,1.79081333336265885237e+02,7.84001664026620304071e-01,5.00000000000000027756e-02,4.35560000001631593136e+01,1.30000255997973213073e-01
1.01263888888888885731e+02,-1.86000479616346647838e+00,1.00952002557953846917e+03,4.86300111910480907795e+01,1.04305402380933230688e+02,4.36487947688777232543e+05,1.64761393155335157644e+05,2.00000000000000000000e+00,1.34701035449757439838e-02,1.80914666672531751601e+02,8.88003328053240448270e-01,5.00000000000000027756e-02,4.36580000003263108965e+01,1.99999968000048738981e-01
1.01270833333333328596e+02,-1.66000479616305729458e+00,1.00974998561151085141e+03,4.88401486810547851292e+01,1.25394031904735641092e+02,4.97654093408165790606e+05,1.84577968639252736466e+05,3.90900682125689113988e+00,9.32384031746361606474e-03,1.82747999983533986779e+02,9.91997856068611238989e-01,5.00000000000000027756e-02,4.37599999984228205108e+01,3.00001871981188605876e-01
1.01277777777777771462e+02,-1.58000639488421312784e+00,1.00976002877697897020e+03,4.97200479616315931253e+01,1.47111247301547450661e+02,5.96448249815891729668e+05,2.19985593684015970211e+05,2.00000000000000000000e+00,8.78157650793698861535e-03,1.79316666661180335041e+02,9.47332618689567529380e-01,5.00000000000000027756e-02,4.34313333328078314821e+01,2.10000159998733226807e-01
1.01284722222222228538e+02,-1.26001278976842590041e+00,1.00973000959232638252e+03,4.98000063948842068839e+01,1.69272012380994368641e+02,6.95242406434108270332e+05,2.55393218815984029789e+05,2.00000000000000000000e+00,8.32793563492030888828e-03,1.75885333338819663140e+02,9.02667381310432448416e-01,5.00000000000000027756e-02,4.31026666671921674379e+01,2.59999872001013432321e-01
1.01291666666666671404e+02,-1.01003836930445900499e+00,1.00987998081534772155e+03,5.06199856115108275390e+01,1.92207716666696597940e+02,7.94036563150488189422e+05,2.90800843777347065043e+05,2.00000000000000000000e+00,7.87429476190455550355e-03,1.72454000016466011402e+02,8.58002143931388738807e-01,5.00000000000000027756e-02,4.27740000015771784092e+01,3.09999232007717506754e-01
1.01298611111111114269e+02,-8.29993605115378230153e-01,1.00997999680255770727e+03,5.07400287769808002736e+01,2.15480536984148756119e+02,9.10431750433658831753e+05,2.95694197934898082167e+05,2.33820614678737870307e+00,7.50095763888873525577e-03,1.71924666668360089261e+02,1.27731991445199843938e+00,8.26666549333554961931e-02,4.17460000032887208476e+01,8.99999520000730746094e-02
1.01305555555555557135e+02,-6.19993605115991552879e-01,1.00988007034372412818e+03,5.15400639488400855726e+01,2.36464343809523853679e+02,1.02682693771682935767e+06,3.00587552092449041083e+05,2.00000000000000000000e+00,7.13166944444430187661e-03,1.71395333334180065776e+02,1.69665995722599927120e+00,1.19333327466677741047e-01,4.07180000016443628397e+01,1.80001471988345873587e-01
1.01312500000000000000e+02,2.00000000000000004163e-02,1.01004999999999995453e+03,5.23900000000000005684e+01,2.62584099999999978081e+02,1.14322212500000000000e+06,3.05480906250000000000e+05,4.44974240167456080997e+00,6.75041047619029388471e-03,1.70866000000000013870e+02,2.11600000000000010303e+00,1.55999999999999999778e-01,3.96899999999999977263e+01,3.59999999999999986677e-01
1.01319444444444442865e+02,4.39987210231983005837e-01,1.01012994244604396954e+03,5.22100447641880620608e+01,2.85996602857136736020e+02,1.58604391584174614400e+06,5.06682103791854460724e+05,2.00000000000000000000e+00,6.21486153439149407313e-03,1.72829333336473837335e+02,2.25466888536882681393e+00,2.06000007999984885432e-01,4.00146666671859918551e+01,1.70000191998479904809e-01
1.01326388888888885731e+02,8.69988808951911885003e-01,1.01013998721023074268e+03,5.21900127897692414081e+01,3.09772069841248082867e+02,2.02886570668349228799e+06,7.07883301333708921447e+05,6.09517527676067594200e+00,5.67931259259269426154e-03,1.74792666672947660800e+02,2.39333777073765396892e+00,2.56000015999969798841e-01,4.03393333343719930895e+01,3.39999936000097480182e-01
1.01333333333333328596e+02,1.28005755395668874286e+00,1.01006002398081523097e+03,5.18099904076738866365e+01,3.32531189523781620210e+02,2.47168749752523843199e+06,9.09084498875563498586e+05,6.81483142309017431160e+00,5.14687825396846748011e-03,1.76755999996266581320e+02,2.53202422322479581140e+00,3.06000057279864290383e-01,4.06640000010653182017e+01,2.20000095999035305550e-01
1.01340277777777771462e+02,1.61997761790525474090e+00,1.01027996163069474278e+03,5.08300799360526625037e+01,3.55541468888848612551e+02,3.88555316403185063973e+06,2.38884433057571994141e+06,2.55307751717688624638e+00,4.67621687830721728674e-03,1.75977999998756047262e+02,3.03667474107458801313e+00,4.25333352426540023394e-01,4.08860000003549544090e+01,3.89999232006080442936e-01
1.01347222222222228538e+02,2.10006714628423596380e+00,1.01021003197442109922e+03,4.97098625099894206869e+01,3.77448289523853759420e+02,5.29941883596814982593e+06,3.86860416942428005859e+06,2.89852748197814413800e+00,4.20555550264500345448e-03,1.75200000001243950010e+02,3.54132525892541272228e+00,5.44666647573459949960e-01,4.11079999996450453636e+01,3.00000351997213143829e-01
1.01354166666666671404e+02,2.73999520383694283865e+00,1.01018008633093495519e+03,4.88099856115108323706e+01,3.99879228095273219878e+02,6.71328450239214580506e+06,5.34836400183347705752e+06,5.08986847323282098898e+00,3.74254841269829182857e-03,1.74422000003733415952e+02,4.04597577677520447992e+00,6.63999942720135738483e-01,4.13299999989346815710e+01,9.09999472005305842792e-01
1.01361111111111114269e+02,3.00999999999999978684e+00,1.01029000479616343000e+03,4.84000543565192842266e+01,4.19915429365102340853e+02,7.14132333492809720337e+06,5.67643750122231803834e+06,7.69684578004200403711e+00,3.59081560846552776817e-03,1.72714666672128686287e+02,3.59001459223343921678e+00,5.62666699093272049126e-01,4.18786666649113996641e+01,2.40999958400063363229e+00
1.01368055555555557135e+02,3.39984012789978784497e+00,1.01046989768185585490e+03,4.80100703437240881044e+01,3.84398033333229932396e+02,7.56936216746404860169e+06,6.00451100061115901917e+06,2.39175031546004790428e+00,3.43908280423276414145e-03,1.71007333336064334617e+02,3.13400729611671957642e+00,4.61333349546636073413e-01,4.24273333324557029300e+01,2.37999942400456010461e+00
1.01375000000000000000e+02,3.43000000000000015987e+00,1.01037000000000000455e+03,4.64799999999999968736e+01,4.62611100000000021737e+02,7.99740100000000000000e+06,6.33258450000000000000e+06,3.04798994166016656848e+00,3.28735000000000008105e-03,1.69300000000000011369e+02,2.67799999999999993605e+00,3.59999999999999986677e-01,4.29759999999999990905e+01,1.75000000000000000000e+00
1.01381944444444442865e+02,3.81012789768016979508e+00,1.01041992965627582635e+03,4.46699552358119404971e+01,4.82706443809520692412e+02,8.42156366587650589645e+06,6.80711983244933467358e+06,2.15894216552202600212e+00,3.27575939153439479878e-03,1.68585999998857914761e+02,2.34399465591450795188e+00,3.51999998720002427177e-01,4.35486666675826867845e+01,1.47999999999999998224e+00
1.01388888888888885731e+02,4.01998081534613405097e+00,1.01040003037570193101e+03,4.36299840127884479557e+01,5.00920105714273745434e+02,8.84572633175301179290e+06,7.28165516489866934717e+06,5.33681384092537669517e+00,3.26416878306878908284e-03,1.67871999997715789732e+02,2.00998931182901596770e+00,3.43999997440004867677e-01,4.41213333351653815839e+01,1.35999976000036548740e+00
1.01395833333333328596e+02,3.98003357314140160383e+00,1.01046996642685860479e+03,4.31800575539566864336e+01,5.18441097619022457366e+02,9.26988899762951768935e+06,7.75619049734800308943e+06,5.28683285251636547741e+00,3.25257817460318380057e-03,1.67157999999548906089e+02,1.67599712009216417208e+00,3.35999973120063688548e-01,4.46940000012572653532e+01,1.02000067199324728762e+00
1.01402777777777771462e+02,4.33998721023157418841e+00,1.01051997442046308606e+03,4.29399904076736760317e+01,5.36119584444404267742e+02,9.30928299992658756673e+06,7.82783116653316002339e+06,5.82097325292278888753e+00,3.22688333333336074826e-03,1.67063999999849698952e+02,1.61599904003076222381e+00,2.79999991040059459380e-01,4.49560000004189106448e+01,1.10999939200481367862e+00
1.01409722222222228538e+02,4.55997761790525402148e+00,1.01057998721023159305e+03,4.06300415667473870940e+01,5.52446320952427186057e+02,9.34867700007341243327e+06,7.89947183346683997661e+06,9.57684341516230119851e+00,3.20084166666664794373e-03,1.66970000000150292863e+02,1.55600095996923770691e+00,2.24000008959940599684e-01,4.52179999995810888436e+01,9.99999264005827059876e-01
1.01416666666666671404e+02,4.86989928057579479770e+00,1.01054993764988023486e+03,4.05900143884891733137e+01,5.69242502857156409846e+02,9.38807099818680249155e+06,7.97111249704177398235e+06,1.89423802686742099866e+01,3.17479999999998804827e-03,1.66876000000451085725e+02,1.49600287990783575864e+00,1.68000026879936342761e-01,4.54799999987427341352e+01,9.09999664003376396160e-01
1.01423611111111114269e+02,5.24001119104808843474e+00,1.01045998880895194816e+03,3.88699760191826655387e+01,5.85447654285719977452e+02,9.06362633212453499436e+06,7.44178199802784994245e+06,1.82752383797892825612e+01,3.19839833333333822818e-03,1.68281333328837462204e+02,1.38267029339135172350e+00,1.88666660053345841552e-01,4.57826666656983860548e+01,7.69999888000170495950e-01
1.01430555555555557135e+02,5.23983373301577959325e+00,1.01042001918465200561e+03,3.70299232613919002688e+01,5.97009759999999914726e+02,8.73918166606226749718e+06,6.91245149901392497122e+06,1.36439218709206731006e+01,3.22449952380952182748e-03,1.69686666664418737582e+02,1.26933514669567593103e+00,2.09333330026672925772e-01,4.60853333328491956422e+01,7.60000191998479901478e-01
1.01437500000000000000e+02,4.98000000000000042633e+00,1.01050000000000000000e+03,3.72599999999999980105e+01,6.09209500000000048203e+02,8.41473700000000000000e+06,6.38312100000000000000e+06,1.12230660726774758018e+01,3.25060071428570542679e-03,1.71092000000000012960e+02,1.15599999999999991651e+00,2.30000000000000009992e-01,4.63879999999999981242e+01,6.19999999999999995559e-01
1.01444444444444442865e+02,5.34001918465202507491e+00,1.01041992326139188663e+03,3.52902366107083125257e+01,6.21833818095234619250e+02,7.87668350100232474506e+06,5.98495316740840300918e+06,7.20912727557917332177e+00,3.29179433333331690828e-03,1.74207333338316544769e+02,1.24333473068902078396e+00,2.50000003199993936498e-01,4.64726666668020982343e+01,4.89999872001013414557e-01
1.01451388888888885731e+02,5.57000319744231120467e+00,1.01047996962429806445e+03,3.55399280575480034372e+01,6.29482909999997673367e+02,7.33863000200465042144e+06,5.58678533481680508703e+06,5.32653476154314553526e+00,3.33415891666664909732e-03,1.77322666676633076577e+02,1.33066946137804165140e+00,2.70000006399987890759e-01,4.65573333336041983443e+01,4.80000063999902526479e-01
1.01458333333333328596e+02,5.29000479616305785413e+00,1.01040991846522797459e+03,3.52301486810547785922e+01,6.40872804285708070893e+02,6.80057650300697516650e+06,5.18861750222520809621e+06,1.28343647607679791633e+01,3.37465650793650640688e-03,1.80437999994958119032e+02,1.41800364788325850007e+00,2.89999986240032592288e-01,4.66419999998432430743e+01,4.20000383996141257725e-01
1.01465277777777771462e+02,5.87995203836840296674e+00,1.01033995843325260466e+03,3.46898816946420609497e+01,6.49624547936516592017e+02,6.48781416724951658398e+06,5.14303916675160452724e+06,4.01041073455812409065e+01,3.37812542328042074782e-03,1.79387333331653422874e+02,1.49400121596103430122e+00,2.61333328746697068912e-01,4.66093333332811070591e+01,3.19999776001773428291e-01
1.01472222222222228538e+02,5.61001278976842598922e+00,1.01018002557953684573e+03,3.40599392485999814539e+01,6.54870308253988696379e+02,6.17505183275048341602e+06,5.09746083324839547276e+06,3.78748314817225022466e+01,3.38159433862434246135e-03,1.78336666668346566667e+02,1.56999878403896553358e+00,2.32666671253302898004e-01,4.65766666667188928841e+01,4.09999840001266713241e-01
1.01479166666666671404e+02,5.64999520383694253667e+00,1.01022000959232616424e+03,3.28703261390879006854e+01,6.61611854285728441027e+02,5.86228949922484811395e+06,5.05188249994082096964e+06,4.88370454523786605705e+01,3.38490238095237854637e-03,1.77286000005041870509e+02,1.64599635211674133473e+00,2.04000013759967402383e-01,4.65440000001567568688e+01,2.60000767992282555419e-01
1.01486111111111114269e+02,6.14998721023075667347e+00,1.00998002717825966101e+03,3.32900191846538646701e+01,6.65210160952380761046e+02,5.72358766614989936352e+06,5.04129333329388033599e+06,6.30331809599963008850e+01,3.38166825396825224473e-03,1.76918666667841819162e+02,1.65733297066086482374e+00,2.08666665173336152161e-01,4.68559999990018596350e+01,3.30000031999951315420e-01
1.01493055555555557135e+02,6.13991047162388081659e+00,1.01004998081534790799e+03,3.31499296562759084850e+01,6.70714003809524911048e+02,5.58488583307494968176e+06,5.03070416664694063365e+06,1.74166781178148895037e+01,3.37843412698412637676e-03,1.76551333333920922541e+02,1.66866648533043226976e+00,2.13333332586668061870e-01,4.71679999995009282543e+01,3.99999552003546920975e-01
1.01500000000000000000e+02,6.37999999999999989342e+00,1.00994000000000005457e+03,3.16900000000000012790e+01,6.76897500000000036380e+02,5.44618400000000000000e+06,5.02011500000000000000e+06,3.49263288368732958133e+01,3.37520000000000007512e-03,1.76183999999999997499e+02,1.67999999999999993783e+00,2.17999999999999999334e-01,4.74799999999999968736e+01,3.40000000000000024425e-01
1.01506944444444442865e+02,6.56992326139189852796e+00,1.00995003197442008513e+03,3.25302685851283541751e+01,6.77165210476190736699e+02,5.52206933319196850061e+06,5.12446549980560876429e+06,3.69924762744306150353e+01,3.35733955026455482482e-03,1.72881999994718199787e+02,1.59333194664448307698e+00,2.10666665493335542036e-01,4.75580000001247640284e+01,1.50000575995439699994e-01
1.01513888888888885731e+02,5.95003037570195392192e+00,1.00979001598721151822e+03,3.30399408473172471190e+01,6.79231119047603556282e+02,5.59795466638393700123e+06,5.22881599961121659726e+06,4.97154892863776112222e+01,3.33947910052911000819e-03,1.69579999989436402075e+02,1.50666389328896621613e+00,2.03333330986671112495e-01,4.76360000002495311833e+01,3.69999808000292307320e-01
1.01520833333333328596e+02,6.60003357314140171042e+00,1.00963999999999998636e+03,2.98900959232611498351e+01,6.81606372857136875609e+02,5.67383999957590550184e+06,5.33316649941682536155e+06,2.25319578585648550018e+00,3.32161865079366475789e-03,1.66277999990524108398e+02,1.41999107228570942141e+00,1.95999992640017439705e-01,4.77140000009309517282e+01,2.89999999999999980016e-01
1.01527777777777771462e+02,6.36996163069472220997e+00,1.00967001278976840695e+03,2.90601278976842571922e+01,6.78809290793674108500e+02,5.81383183307245094329e+06,5.30790683338040579110e+06,7.45553984464222807560e+00,3.34387619047616562254e-03,1.64303333330176059235e+02,1.23399702409536327075e+00,1.80666664213349592583e-01,4.79080000003101815764e+01,3.09999744002026789147e-01
1.01534722222222228538e+02,6.75995843325261525081e+00,1.00980997442046304968e+03,3.06596386890419694282e+01,6.74191463492038678851e+02,5.95382366692754905671e+06,5.28264716661959420890e+06,3.37822581530301979669e+00,3.36712023809525480555e-03,1.62328666669823945767e+02,1.04800297590463653563e+00,1.65333335786650381660e-01,4.81019999996898164341e+01,3.29999680002533490875e-01
1.01541666666666671404e+02,6.29003357314140210121e+00,1.00965992326139109991e+03,3.02697793764993612342e+01,6.73917940476198282340e+02,6.09381549941175989807e+06,5.25738749953345581889e+06,3.52197218304586723292e+00,3.39036428571429628367e-03,1.60354000009475896604e+02,8.62008927714290607014e-01,1.50000007359982562294e-01,4.82959999990690462823e+01,3.09999376006270477291e-01
1.01548611111111114269e+02,6.59005115907697369693e+00,1.00950000479616346638e+03,2.96799760191826678124e+01,6.67560102539669401267e+02,5.98855866627450659871e+06,5.17390633302230387926e+06,2.13017772233642954660e+00,3.46135613888891953069e-03,1.61297333330315467492e+02,8.02668565363707675608e-01,1.22666675413316814125e-01,4.87439999985667782312e+01,2.69999840000243573890e-01
1.01555555555555557135e+02,6.99995523581194056817e+00,1.00953998721023197049e+03,2.96298017585957360609e+01,6.61339136190470867405e+02,5.88330183313725329936e+06,5.09042516651115193963e+06,1.09948502532487637495e+01,3.53475544444447307979e-03,1.62240666665157732496e+02,7.43334282681853864005e-01,9.53333377066584164439e-02,4.91919999992833893998e+01,3.29999360005067021717e-01
1.01562500000000000000e+02,7.08999999999999985789e+00,1.00932000000000005002e+03,3.01799999999999997158e+01,6.53991200000000048931e+02,5.77804500000000000000e+06,5.00694400000000000000e+06,2.12062742370662284941e+01,3.60265999999999928308e-03,1.63183999999999997499e+02,6.84000000000000052403e-01,6.80000000000000048850e-02,4.96400000000000005684e+01,2.20000000000000001110e-01
1.01569444444444442865e+02,7.13002557953603410823e+00,1.00927991047162390714e+03,2.96703517186204699385e+01,6.47289006984131674471e+02,5.55071683375681657344e+06,4.85609400028101447970e+06,4.97284253606035093753e+01,3.59974333333333345805e-03,1.62999333333037952798e+02,6.21332330650626318835e-01,5.99999987200024176293e-02,4.96319999999872010221e+01,2.29999744002026801359e-01
1.01576388888888885731e+02,7.19001119104808861238e+00,1.00923999200639423179e+03,2.93800639488462174143e+01,6.37829242539689289515e+02,5.32338866751363314688e+06,4.70524400056202895939e+06,5.77118960791118595921e+01,3.59682666666666719935e-03,1.62814666666075879675e+02,5.58664661301252585268e-01,5.19999974400048303735e-02,4.96239999999744085812e+01,2.80000079999878248582e-01
1.01583333333333328596e+02,7.30996163069554061309e+00,1.00919004796163062565e+03,2.94199520383694270720e+01,6.24715547619064864193e+02,5.09606050127045065165e+06,4.55439400084304250777e+06,5.53362874408563456541e+01,3.59423285714285554657e-03,1.62630000002495336275e+02,4.95999200025601216790e-01,5.00000000000000027756e-02,4.96160000009405521837e+01,2.10000047999517658326e-01
1.01590277777777771462e+02,7.16999040767368089888e+00,1.00910999680255793010e+03,2.93801662669895371494e+01,6.14534983492068249689e+02,4.82448033383943792433e+06,4.10073358417875412852e+06,5.89964214824712342988e+01,3.59804238095237823025e-03,1.63150000000831425950e+02,4.79333066675211749708e-01,5.00000000000000027756e-02,4.98120000003133824862e+01,2.59999840001266746548e-01
1.01597222222222228538e+02,7.22010871303162016233e+00,1.00915998081534735320e+03,2.89000319744210649731e+01,6.02043961587261264867e+02,4.55290016616056207567e+06,3.64707316582124587148e+06,5.86743169695178892198e+01,3.60185190476190915387e-03,1.63669999999168567228e+02,4.62666933324788254289e-01,5.00000000000000027756e-02,5.00079999996866177980e+01,2.39999776001773440504e-01
1.01604166666666671404e+02,7.33999999999999985789e+00,1.00896999520383701565e+03,2.82599616306955425671e+01,5.88372847142851242097e+02,4.28131999880588054657e+06,3.19341274968953477219e+06,8.00532236407515114252e+01,3.60419182539678008281e-03,1.64189999997504656903e+02,4.46000799974398787207e-01,5.00000000000000027756e-02,5.02039999990594481005e+01,2.79999520004823421182e-01
1.01611111111111114269e+02,7.08000959232693283241e+00,1.00885000000000002274e+03,2.79100015987211556023e+01,5.75584816031743685016e+02,4.06764999920391989872e+06,3.13785958312635635957e+06,4.38827105823193406309e+01,3.54676788359785345392e-03,1.64052666667106024079e+02,4.42000128002047687481e-01,5.00000000000000027756e-02,5.02533333331755045492e+01,1.69999968000048740091e-01
1.01618055555555557135e+02,7.59003836930405118011e+00,1.00873005755395604410e+03,2.65301854516362460856e+01,5.61981586984122941431e+02,3.85397999960196018219e+06,3.08230641656317841262e+06,4.66034427844682639375e+01,3.48934394179892682503e-03,1.63915333333553007833e+02,4.38000064001023869942e-01,5.00000000000000027756e-02,5.03026666665877542073e+01,2.39999936000506702838e-01
1.01625000000000000000e+02,7.49000000000000021316e+00,1.00882000000000005002e+03,2.67699999999999995737e+01,5.46188599999999951251e+02,3.64031000000000000000e+06,3.02675325000000000000e+06,4.02105066256660776958e+01,3.43192000000000019613e-03,1.63777999999999991587e+02,4.33999999999999996891e-01,5.00000000000000027756e-02,5.03519999999999967599e+01,3.09999999999999997780e-01
1.01631944444444442865e+02,7.58007034372409371770e+00,1.00873998081534796256e+03,2.71994756195113041031e+01,5.27716600000008270399e+02,3.46539041699251951650e+06,2.81798991705556632951e+06,4.00617268039602549834e+01,3.43370902116402068951e-03,1.64066666667128401969e+02,4.19999775996416524482e-01,5.00000000000000027756e-02,5.04180000001055717007e+01,2.29999424004560304446e-01
1.01638888888888885731e+02,7.41997122301920164489e+00,1.00869999200639426817e+03,2.71400447641923534547e+01,5.14828620634924959631e+02,3.29047083398503903300e+06,2.60922658411113219336e+06,3.35022782818538189531e+01,3.43549804232804161658e-03,1.64355333334256812350e+02,4.05999551992832996561e-01,5.00000000000000027756e-02,5.04840000002111395361e+01,9.00001279998051406661e-02
1.01645833333333328596e+02,7.59001438848917242552e+00,1.00864995203836940618e+03,2.62300527577936328782e+01,4.94566152380969072055e+02,3.11555125097755854949e+06,2.40046325116669852287e+06,2.98970706076754808578e+01,3.43728706349206210996e-03,1.64644000003199153070e+02,3.92000799974398794756e-01,5.00000000000000027756e-02,5.05499999998848252858e+01,2.59999136008682185661e-01
1.01652777777777771462e+02,7.74995203836840307332e+00,1.00853002557953686846e+03,2.73799488409262963273e+01,4.75882391746064627114e+02,2.95128000030612852424e+06,2.32864058346717897803e+06,2.24531075367854882074e+01,3.49495402116395880929e-03,1.65310666667732590440e+02,4.08666933324788261839e-01,5.00000000000000027756e-02,5.05259999999616269406e+01,1.69999744002026831335e-01
1.01659722222222228538e+02,7.77993924859997676435e+00,1.00839999680255789372e+03,2.76999968025578944264e+01,4.53929753650750853922e+02,2.78700874969387147576e+06,2.25681791653282102197e+06,1.87383668481964456021e+01,3.55399502645506893544e-03,1.65977333332267420474e+02,4.25333066675211757257e-01,5.00000000000000027756e-02,5.05020000000383717520e+01,1.90000287997719841115e-01
1.01666666666666671404e+02,7.76996642685859750799e+00,1.00829994724220637181e+03,2.79997889688254737450e+01,4.32364316666648733190e+02,2.62273749894785648212e+06,2.18499524892545817420e+06,1.24558637182225009354e+01,3.61303603174605893200e-03,1.66643999996800857843e+02,4.41999200025601224340e-01,5.00000000000000027756e-02,5.04780000001151734068e+01,1.70000527994694228262e-01
1.01673611111111114269e+02,7.56000319744231052965e+00,1.00831998241406733996e+03,2.86799680255768905113e+01,4.12364224126960323247e+02,2.43447204096523765475e+06,1.99272195761697203852e+06,1.16968630384517098264e+01,3.61416055555555549433e-03,1.68441333327583407709e+02,4.30000384006143154814e-01,5.00000000000000027756e-02,5.06026666662678366038e+01,2.29999920000121788055e-01
1.01680555555555557135e+02,7.69985291766780477474e+00,1.00818994244604402866e+03,2.84899488409279300072e+01,3.88647079682533160394e+02,2.24620658298261882737e+06,1.80044866630848590285e+06,1.21994485920749706764e+01,3.61236492063492058147e-03,1.70238666663791690326e+02,4.18000192003071591174e-01,5.00000000000000027756e-02,5.07273333331339202346e+01,9.00006399949329904953e-02
1.01687500000000000000e+02,7.50999999999999978684e+00,1.00812999999999999545e+03,2.82600000000000015632e+01,3.66373100000000022192e+02,2.05794112500000000000e+06,1.60817537500000000000e+06,9.56367598874533797471e+00,3.61056928571428610228e-03,1.72036000000000001364e+02,4.06000000000000027534e-01,5.00000000000000027756e-02,5.08519999999999967599e+01,1.70000000000000012212e-01
1.01694444444444442865e+02,7.65998081534797492509e+00,1.00804992965627582180e+03,2.78698017585957380504e+01,3.44412754920644033518e+02,1.88532312532156542875e+06,1.54875483344402629882e+06,6.94572065166328567187e+00,3.58066666666667903635e-03,1.74864666671191315572e+02,4.01999935998976154483e-01,5.00000000000000027756e-02,5.08473333333258636912e+01,3.69998720010134007907e-01
1.01701388888888885731e+02,7.37999840127884443319e+00,1.00791000799360574547e+03,2.83499648281345812961e+01,3.19531203333353744256e+02,1.71270512564313062467e+06,1.48933429188805236481e+06,2.88037189865599874139e+00,3.54858333333334672113e-03,1.77693333342382658202e+02,3.97999871997952336944e-01,5.00000000000000027756e-02,5.08426666666517377280e+01,2.79999824000267960589e-01
1.01708333333333328596e+02,7.50997601918471247018e+00,1.00778003357314139521e+03,2.84899616306955394407e+01,2.96134478095298277367e+02,1.54008712596469605342e+06,1.42991375033207866363e+06,7.39070691379149380396e+00,3.51602888888890782737e-03,1.80521999998067713022e+02,3.94000543982591211467e-01,5.00000000000000027756e-02,5.08379999998400435857e+01,2.60000000000000008882e-01
1.01715277777777771462e+02,7.47000319744210639072e+00,1.00775001278976844787e+03,2.89000287769789565573e+01,2.73005081904802466397e+02,1.41673766689653508365e+06,1.29028920859353127889e+06,2.25371639920516315669e+01,3.47413074074077099160e-03,1.80119333332689507188e+02,4.05333514660855986911e-01,5.00000000000000027756e-02,5.08046666666133717172e+01,1.50000159998733229028e-01
1.01722222222222228538e+02,7.47998081534736147802e+00,1.00765003517186312365e+03,2.86800095923263178577e+01,2.49619103491992234467e+02,1.29338820810346491635e+06,1.15066466640646872111e+06,2.62422600996381945038e+01,3.43223259259254828701e-03,1.79716666667310477123e+02,4.16666485339144021527e-01,5.00000000000000027756e-02,5.07713333333866287944e+01,1.70000031999746670230e-01
1.01729166666666671404e+02,7.45996642685859789879e+00,1.00766995683453239963e+03,2.88898561151082802212e+01,2.26039507142823396180e+02,1.17003874922206322663e+06,1.01104012450967996847e+06,3.27138195248816074923e+01,3.39339039682546488377e-03,1.79314000001932271289e+02,4.27999456017408796971e-01,5.00000000000000027756e-02,5.07380000001599569259e+01,1.30000431995658916051e-01
1.01736111111111114269e+02,7.41997761790382348579e+00,1.00758998561150963269e+03,2.89400527577981314664e+01,2.01673185714264064927e+02,1.03083852031470881775e+06,9.23304645506453351118e+05,2.94727652497159482436e+01,3.47882359788364344672e-03,1.74568000015183145024e+02,3.98667605348349884942e-01,5.00000000000000027756e-02,5.06633333335722042534e+01,1.20000015999975631620e-01
1.01743055555555557135e+02,7.17001918465202514597e+00,1.00740008952837604284e+03,2.94998401278997874897e+01,1.78684553650788416235e+02,8.91638291407354408875e+05,8.35569166503226617351e+05,2.47401383504914988976e+01,3.56425679894182157598e-03,1.69822000007591555004e+02,3.69333802674174926928e-01,5.00000000000000027756e-02,5.05886666667861035762e+01,2.90000191998479872613e-01
1.01750000000000000000e+02,7.20000000000000017764e+00,1.00734000000000003183e+03,2.97199999999999988631e+01,1.56229899999999986449e+02,7.52438062500000000000e+05,7.47833687500000000000e+05,2.00919277912302831623e+01,3.64969000000000013892e-03,1.65075999999999993406e+02,3.40000000000000024425e-01,5.00000000000000027756e-02,5.05140000000000028990e+01,1.49999999999999994449e-01
1.01756944444444442865e+02,6.97999360511599231671e+00,1.00722996163069592512e+03,3.02799488409279327072e+01,1.34164714285719924192e+02,6.92362312611913424917e+05,7.12478333399195806123e+05,1.60432035947973830048e+01,3.64983880952380939852e-03,1.68034666671399264715e+02,3.95334218680830018489e-01,5.00000000000000027756e-02,5.04613333332490938687e+01,1.70000639994933006038e-01
1.01763888888888885731e+02,6.85000159872115510495e+00,1.00709000479616349821e+03,3.01700111910480899269e+01,1.13140137936523146323e+02,6.32286562723826966248e+05,6.77122979298391728662e+05,1.37234729878570806960e+01,3.64998761904761909181e-03,1.70993333342798536023e+02,4.50668437361659957041e-01,5.00000000000000027756e-02,5.04086666664981777330e+01,1.80000015999975643277e-01
1.01770833333333328596e+02,6.64999520383694253667e+00,1.00694005755395676260e+03,3.07000479616305739228e+01,9.19660263809754070508e+01,5.72210812835740391165e+05,6.41767625197587534785e+05,1.10485865856303497878e+01,3.65013642857142835141e-03,1.73952000002047441285e+02,5.06000223992831621445e-01,5.00000000000000027756e-02,5.03559999979813426307e+01,1.70000000000000012212e-01
1.01777777777777771462e+02,6.45002238209474576536e+00,1.00707997761790534241e+03,3.12300127897684269840e+01,7.24337789524150821308e+01,5.44999531300709699281e+05,6.82711645757031859830e+05,9.37584797672895220444e+00,3.66980201058198906433e-03,1.74378666667348852570e+02,5.10666741330940698873e-01,5.00000000000000027756e-02,4.99353333326607327081e+01,6.00000639994932999377e-02
1.01784722222222228538e+02,6.31002238209474519692e+00,1.00694000959232641890e+03,3.14399776179052565794e+01,5.48372983809201528516e+01,5.17788249949290300719e+05,7.23655666742968140170e+05,7.55016965642964787975e+00,3.68994751322752759584e-03,1.74805333332651144929e+02,5.15333258669059324220e-01,5.00000000000000027756e-02,4.95146666673392701341e+01,2.69999744002026809131e-01
1.01791666666666671404e+02,6.12999040767388514439e+00,1.00692007194244581569e+03,3.20699856115108303811e+01,3.85743040952196807325e+01,4.90576968794820539188e+05,7.64599687084664008580e+05,6.28525021178296317004e+00,3.71009301587302492767e-03,1.75231999997952556214e+02,5.19999776007168401648e-01,5.00000000000000027756e-02,4.90940000020186602114e+01,8.99999999999999966693e-02
1.01798611111111114269e+02,5.88997761790382323710e+00,1.00704999040767302176e+03,3.28300127897692419765e+01,2.48795707618936852157e+01,4.98596937529880378861e+05,6.90281478889775928110e+05,9.35066465303975746792e+00,3.74091247222223515639e-03,1.73968000004043716444e+02,5.62665301311491061753e-01,5.00000000000000027756e-02,4.89260000005374564580e+01,1.30000079999878226378e-01
1.01805555555555557135e+02,5.57001918465202550124e+00,1.00713990407673986738e+03,3.35599552358119410655e+01,1.34372088571397476642e+01,5.06616906264940160327e+05,6.15963270694887964055e+05,1.19099394075418771877e+01,3.77227011111112321695e-03,1.72704000002021871296e+02,6.05332650655745596602e-01,5.00000000000000027756e-02,4.87580000002687299343e+01,2.39999424004560313328e-01
1.01812500000000000000e+02,5.41000000000000014211e+00,1.00704999999999995453e+03,3.37999999999999971578e+01,6.13099300000000013711e+00,5.14636875000000000000e+05,5.41645062500000000000e+05,1.55707858652833674995e+01,3.80241309523810010543e-03,1.71439999999999997726e+02,6.48000000000000020428e-01,5.00000000000000027756e-02,4.85900000000000034106e+01,2.70000000000000017764e-01
1.01819444444444442865e+02,5.27993605115991559984e+00,1.00719997442046405922e+03,3.47400575539560776406e+01,9.70673228572172974715e-01,4.35650343897141865455e+05,4.67603239721263817046e+05,1.82989200257500748137e+01,3.81690052910053012267e-03,1.72647333335264562493e+02,6.70000352005631238939e-01,5.00000000000000027756e-02,4.86373333334090460767e+01,1.89999680002533505307e-01
1.01826388888888885731e+02,4.99999680255768907955e+00,1.00716000959232690093e+03,3.53700031974423083625e+01,-1.28953680317295504842e+00,3.56663812794283672702e+05,3.93561416942527634092e+05,1.83651841899963379490e+01,3.83138796296296013991e-03,1.73854666670529098838e+02,6.92000704011262346427e-01,5.00000000000000027756e-02,4.86846666668180958482e+01,1.50000111999829488507e-01
1.01833333333333328596e+02,4.86999520383694228798e+00,1.00719999040767390852e+03,3.57800143884891710400e+01,-2.49716608095197045714e+00,2.77677281691425479949e+05,3.19519594163791392930e+05,2.10465920633430023656e+01,3.84684444444442861372e-03,1.75061999999689703600e+02,7.13995872132102138430e-01,5.00000000000000027756e-02,4.87319999999680106839e+01,7.00003839961412660520e-02
1.01840277777777771462e+02,4.82001598721053259311e+00,1.00740997442046307242e+03,3.63799744204631494426e+01,-2.97854164126951559410e+00,2.40713489652217365801e+05,3.42002385374768753536e+05,1.99330058107130128064e+01,3.88152037037034535263e-03,1.74997333333229931895e+02,6.27998624044092679242e-01,5.00000000000000027756e-02,4.87253333333226734680e+01,1.20000319997466478594e-01
1.01847222222222228538e+02,4.66998721023157425947e+00,1.00750999360511582381e+03,3.66200159872105288628e+01,-3.14554799999999978866e+00,2.03749697847782634199e+05,3.64485177125231246464e+05,2.19675748142568529886e+01,3.91619629629633321521e-03,1.74932666666770074926e+02,5.42001375955907249704e-01,5.00000000000000027756e-02,4.87186666666773291468e+01,1.80000319997466490252e-01
1.01854166666666671404e+02,4.67998081534777021773e+00,1.00752000959232611876e+03,3.68799712230216556463e+01,-2.91675842380893346473e+00,1.66785906491266272496e+05,3.86967968709222215693e+05,1.32267783695873824001e+01,3.95077642857145309302e-03,1.74868000000310303221e+02,4.56004127867897790516e-01,5.00000000000000027756e-02,4.87120000000319919309e+01,2.29999952000482343895e-01
1.01861111111111114269e+02,4.34000799360577715902e+00,1.00748000000000001819e+03,3.74799968025576859532e+01,-3.14553101269831092424e+00,2.09956916827510838630e+05,3.79671395806148182601e+05,1.32450108430121940017e+01,3.98146095238096839330e-03,1.73940666669633344554e+02,4.36000640010238582622e-01,5.00000000000000027756e-02,4.87146666666581396044e+01,1.59999856000219209395e-01
1.01868055555555557135e+02,4.48003197442004275075e+00,1.00757002557953603628e+03,3.73299744204639623035e+01,-3.02554910158735435033e+00,2.53127927163755404763e+05,3.72374822903074091300e+05,1.00835333060920220305e+01,4.01214547619048456095e-03,1.73013333334816678644e+02,4.16000320005119272881e-01,5.00000000000000027756e-02,4.87173333333290656810e+01,1.50000575995439699994e-01
1.01875000000000000000e+02,2.99000000000000021316e+00,1.00766999999999995907e+03,4.01700000000000017053e+01,-1.78852699999999997793e+00,2.96298937500000000000e+05,3.65078250000000000000e+05,4.86631740014070590661e+00,4.04282999999999986124e-03,1.72086000000000012733e+02,3.96000000000000018652e-01,5.00000000000000027756e-02,4.87199999999999988631e+01,1.30000000000000004441e-01
1.01881944444444442865e+02,3.74001278976801732057e+00,1.00772000000000002728e+03,3.70799232613918974266e+01,-1.74989128253972436866e+00,2.67230724012483726256e+05,3.33256500059279846027e+05,6.86771450707141006831e+00,4.32837563492055859421e-03,1.70195333330309068742e+02,4.14666965338111315198e-01,5.00000000000000027756e-02,4.90233333338185346406e+01,1.10000639994932994381e-01
1.01888888888888885731e+02,3.65001278976924359299e+00,1.00760001278976926642e+03,3.72798976818460516824e+01,-1.80774683333306884769e+00,2.38162510524967423407e+05,3.01434750118559750263e+05,6.43573866694742147132e+00,4.61392126984111819454e-03,1.68304666660618153173e+02,4.33333930676222667255e-01,5.00000000000000027756e-02,4.93266666676370775235e+01,3.49999856000219211616e-01
1.01895833333333328596e+02,4.08003836930445906717e+00,1.00778995203836939254e+03,3.47300383693044594224e+01,-2.03462403809536640509e+00,2.09094297037451120559e+05,2.69613000177839596290e+05,1.08118850811482758445e+01,4.89946690476167692752e-03,1.66414000002476115014e+02,4.51999712009216458863e-01,5.00000000000000027756e-02,4.96300000005118633339e+01,3.29999472005305771738e-01
1.01902777777777771462e+02,4.02999680255789360928e+00,1.00763002557953689120e+03,3.46900127897684242839e+01,-2.04960363809491230569e+00,1.76197265686305414420e+05,2.69686937499862222467e+05,7.68762997811037429585e+00,4.68123322751347152593e-03,1.66930000000825003781e+02,4.45999904003076264036e-01,5.00000000000000027756e-02,4.97366666668372161553e+01,2.99999872001013412337e-01
1.01909722222222228538e+02,4.05000319744210646178e+00,1.00783998401278950041e+03,3.47099488409262946220e+01,-1.91480520317456237578e+00,1.43300234313694585580e+05,2.69760875000137777533e+05,5.99990089907628920685e+00,4.45061153439136811261e-03,1.67445999999174972572e+02,4.40000095996923745734e-01,5.00000000000000027756e-02,4.98433333331627892449e+01,4.29999264005827053214e-01
1.01916666666666671404e+02,4.04001918465222953358e+00,1.00763004796163056653e+03,3.39301342925656044258e+01,-1.80798465714236966662e+00,1.10403203105178981787e+05,2.69834812517383485101e+05,2.22283886365029070831e+00,4.21998984126973567671e-03,1.67961999997523861339e+02,4.34000287990783550907e-01,5.00000000000000027756e-02,4.99499999994881420662e+01,3.29999760002411712811e-01
1.01923611111111114269e+02,3.75998401278844518458e+00,1.00765001758593268733e+03,3.48400031974423143311e+01,-1.99188978253982496014e+00,1.06856526028452644823e+05,2.72945333344922342803e+05,2.81416605788210505423e+00,4.19304703703703325612e-03,1.67185333335818000933e+02,4.39333162663936405146e-01,5.00000000000000027756e-02,4.99206666667605105658e+01,2.40000143999780785053e-01
1.01930555555555557135e+02,3.56008952837611891695e+00,1.00782999360511598752e+03,3.43600575539560750826e+01,-2.23565556507944895870e+00,1.03309848951726322412e+05,2.76055854172461142298e+05,3.49178652964118718671e+00,4.17637375661375747499e-03,1.66408666667908988757e+02,4.44666581331968180368e-01,5.00000000000000027756e-02,4.98913333333802597735e+01,2.69999744002026809131e-01
1.01937500000000000000e+02,3.77000000000000001776e+00,1.00783000000000004093e+03,3.46700000000000017053e+01,-2.37928100000000020131e+00,9.97631718750000000000e+04,2.79166375000000000000e+05,2.00000000000000000000e+00,4.15970047619048169385e-03,1.65632000000000005002e+02,4.50000000000000011102e-01,5.00000000000000027756e-02,4.98620000000000018758e+01,2.60000000000000008882e-01
1.01944444444444442865e+02,3.60000639488400864252e+00,1.00777008313349210766e+03,3.47900447641880603555e+01,-2.24444858730158225413e+00,1.02029854162444127724e+05,2.67218156272258027457e+05,2.16912005226613846531e+00,4.08449200000003068839e-03,1.64680666665144940453e+02,4.16666133324801180038e-01,5.00000000000000027756e-02,4.99086666667413183518e+01,3.59999168006587100255e-01
1.01951388888888885731e+02,3.60000159872115554904e+00,1.00764002078337500734e+03,3.53899776179038241253e+01,-2.59336276984151403724e+00,1.04296536449888255447e+05,2.55269937544516025810e+05,2.33165720278274557486e+00,4.00474200000003333066e-03,1.63729333330289875903e+02,3.83332266649602404485e-01,5.00000000000000027756e-02,4.99553333334826277223e+01,1.70000031999951284334e-01
1.01958333333333328596e+02,3.39000959232611487337e+00,1.00769004316546761402e+03,3.59200335731414028828e+01,-2.68300496190530068930e+00,1.06563218737332383171e+05,2.43321718816774024162e+05,2.78128789151577926475e+00,3.92760285714286935810e-03,1.62778000017908823338e+02,3.50000351988735469710e-01,5.00000000000000027756e-02,5.00020000000671842599e+01,1.40000143998552983859e-01
1.01965277777777771462e+02,3.12999999999999989342e+00,1.00776002877697897020e+03,3.71299712230210445796e+01,-2.91422092063394400085e+00,1.07648562497977400199e+05,2.52436333316347736400e+05,2.00000000000000000000e+00,3.90224571428573292417e-03,1.66510000005967043535e+02,3.57333450662906781936e-01,5.00000000000000027756e-02,5.00160000000223874395e+01,1.80000383996959778532e-01
1.01972222222222228538e+02,2.92999040767368068572e+00,1.00776005435651575226e+03,3.77499808153473637162e+01,-2.60259746984554274363e+00,1.08733906252022599801e+05,2.61550947933652263600e+05,2.00000000000000000000e+00,3.87688857142854444854e-03,1.70241999994032937593e+02,3.64666549337093193195e-01,5.00000000000000027756e-02,5.00299999999776119353e+01,1.10000991992146149312e-01
1.01979166666666671404e+02,2.74999520383694262549e+00,1.00775004316546755945e+03,3.78199568345324834695e+01,-2.72868781428440598802e+00,1.09819250085570238298e+05,2.70665562459223321639e+05,2.00000000000000000000e+00,3.85734603174620440183e-03,1.73973999982091157790e+02,3.71999648011264505421e-01,5.00000000000000027756e-02,5.00439999999328151148e+01,1.40000000000000013323e-01
1.01986111111111114269e+02,2.55000479616346620304e+00,1.00785000159872117820e+03,3.75600191846538677964e+01,-1.92758605079324385478e+00,1.25130770890380154015e+05,2.63369187472815567162e+05,2.00000000000000000000e+00,4.07426402116413659965e-03,1.73294000002175408781e+02,3.38667733350397570646e-01,5.00000000000000027756e-02,4.98873333338345332777e+01,2.99999968000048689021e-01
1.01993055555555557135e+02,2.48001278976801708964e+00,1.00785008952837608831e+03,3.82299232613918960055e+01,-1.75865713015869351565e+00,1.40442291695190069731e+05,2.56072812486407783581e+05,2.00000000000000000000e+00,4.29118201058206836379e-03,1.72614000001087703140e+02,3.05333866675198795093e-01,5.00000000000000027756e-02,4.97306666669172656725e+01,2.59999040007600545898e-01
1.02000000000000000000e+02,2.16999999999999992895e+00,1.00794000000000005457e+03,3.93100000000000022737e+01,-1.75642100000000001003e+00,1.55753812500000000000e+05,2.48776437500000000000e+05,2.13323467467090477356e+00,4.50810000000000012793e-03,1.71933999999999997499e+02,2.72000000000000019540e-01,5.00000000000000027756e-02,4.95739999999999980673e+01,2.30000000000000009992e-01
