#time,SMEAR_TEMP_168.dat,SMEAR_PRESS.dat,SMEAR_RH.dat,SMEAR_SWR.dat,SA_tower.dat,SA_ground.dat,NH3.dat,SMEAR_CS.dat,SMEAR_GAS_CO.dat,SMEAR_GAS_NO2.dat,SMEAR_GAS_NO.dat,SMEAR_GAS_O3.dat,SMEAR_GAS_SO2.dat,CH3OH,-,CH3CHO,C2H5OH,CH3COCH3,CH3CO2H,C5H8,-,MEK,BENZENE,-,-,TOLUENE,MONOTERPENE
101,-0.7,1008.02,44.06,-1.777825,321335.9375,285144.53125,2,0.00347765,186.24,0.452,0.05,40.3,0.05,1.28E+00,8.23E-02,3.05E-01,4.20E-01,7.46E-01,3.80E-01,2.46E-02,1.57E-02,1.08E-01,8.28E-02,5.34E-02,2.44E-02,1.31E-02,9.22E-02
101.006944444444,-0.700038369304051,1008.28995523581,43.2497378097557,-2.01564202857134,268313.640723774,261789.89587684,2,0.00361302367724864,183.82866666281,0.532667957353981,0.05,40.9640000010621,0.0999994240045603,1.28E+00,8.23E-02,3.06E-01,4.22E-01,7.47E-01,3.82E-01,2.48E-02,1.58E-02,1.08E-01,8.30E-02,5.37E-02,2.45E-02,1.33E-02,9.33E-02
101.013888888889,-0.750006394884622,1008.25001598721,42.8299904076731,-2.25080503809493,215291.343947548,238435.26050368,3.43054592947887,0.00374839735449728,181.417333325619,0.613335914707962,0.05,41.6280000021242,0.129999936000097,1.29E+00,8.23E-02,3.07E-01,4.24E-01,7.47E-01,3.84E-01,2.50E-02,1.58E-02,1.08E-01,8.31E-02,5.40E-02,2.46E-02,1.35E-02,9.43E-02
101.020833333333,-0.539976019184713,1008.27003357314,42.7600047961631,-2.261802619047,162269.047171321,215080.62513052,2.57467148547509,0.00388377103174592,179.006000006446,0.694003135899643,0.05,42.2920000020826,0.05,1.29E+00,8.23E-02,3.08E-01,4.26E-01,7.48E-01,3.87E-01,2.53E-02,1.59E-02,1.08E-01,8.33E-02,5.43E-02,2.47E-02,1.37E-02,9.54E-02
101.027777777778,-0.310009592326319,1008.31000959233,42.4699808153474,-2.39847025396781,139286.679730329,193946.484414385,3.64473182835258,0.003864165978836,180.349333335481,0.75933437863317,0.05,42.7260000006939,0.179999648002787,1.30E+00,8.23E-02,3.09E-01,4.28E-01,7.49E-01,3.89E-01,2.55E-02,1.60E-02,1.09E-01,8.34E-02,5.46E-02,2.48E-02,1.39E-02,9.65E-02
101.034722222222,-0.54,1008.52994564348,42.3500415667474,-2.60996255872727,116304.312457171,172812.343710615,7.14766485531823,0.00384074997354496,181.692666664519,0.82466562136683,0.05,43.1599999993061,0.05,1.31E+00,8.23E-02,3.10E-01,4.29E-01,7.49E-01,3.91E-01,2.57E-02,1.60E-02,1.09E-01,8.36E-02,5.49E-02,2.49E-02,1.41E-02,9.76E-02
101.041666666667,-0.51,1008.57998561151,43.0900431654675,-2.2314696952384,93321.9452496193,151678.203131261,3.80240714705073,0.00381733396825396,183.035999993554,0.889996864100357,0.05,43.5939999979174,0.229998704013023,1.31E+00,8.23E-02,3.11E-01,4.31E-01,7.50E-01,3.93E-01,2.59E-02,1.61E-02,1.09E-01,8.37E-02,5.52E-02,2.50E-02,1.42E-02,9.87E-02
101.048611111111,-0.500023980817332,1008.50000639488,42.4799984012788,-1.77550493333225,82070.3853747462,152798.598962508,2,0.00401180963888897,179.699333344008,0.911332650655746,0.05,43.2660000010493,0.149999888000171,1.32E+00,8.23E-02,3.13E-01,4.33E-01,7.51E-01,3.96E-01,2.61E-02,1.61E-02,1.09E-01,8.38E-02,5.55E-02,2.51E-02,1.44E-02,9.97E-02
101.055555555556,-0.819968025579958,1008.58003197442,43.199974420464,-1.9365693333332,70818.8254998731,153918.994793754,3.58943594594601,0.00421727144444452,176.362666672004,0.932666325327873,0.05,42.9380000005247,0.220000127998987,1.32E+00,8.24E-02,3.14E-01,4.35E-01,7.51E-01,3.98E-01,2.63E-02,1.62E-02,1.10E-01,8.40E-02,5.58E-02,2.52E-02,1.46E-02,1.01E-01
101.0625,-0.72,1008.56,43,-1.54024,59567.265625,155039.390625,4.03085276235021,0.00441307738095241,173.026,0.954,0.05,42.61,0.23,1.33E+00,8.24E-02,3.15E-01,4.37E-01,7.52E-01,4.00E-01,2.66E-02,1.63E-02,1.10E-01,8.41E-02,5.61E-02,2.53E-02,1.48E-02,1.02E-01
101.069444444444,-0.620012789768017,1008.61999360512,43.220012789768,-1.75639381904763,52196.3815241477,144225.822936811,2.40934880927446,0.0044844298941799,174.84933333625,0.912666005322753,0.05,41.7913333320238,0.05,1.34E+00,8.24E-02,3.16E-01,4.39E-01,7.53E-01,4.02E-01,2.68E-02,1.63E-02,1.10E-01,8.43E-02,5.64E-02,2.54E-02,1.50E-02,1.03E-01
101.076388888889,-0.58,1008.75998401279,43.0600095923269,-1.764983,44825.4974232954,133412.255248622,2,0.00455578240740739,176.6726666725,0.871332010645507,0.05,40.9726666640476,0.150000063999903,1.34E+00,8.24E-02,3.17E-01,4.41E-01,7.53E-01,4.04E-01,2.70E-02,1.64E-02,1.10E-01,8.44E-02,5.67E-02,2.55E-02,1.52E-02,1.04E-01
101.083333333333,-0.690009592326115,1008.78000959233,43.3299568345325,-1.758562,37454.6133224431,122598.687560433,2,0.00463136952380945,178.495999996497,0.830000351988736,0.05,40.1539999966153,0.220000527994694,1.35E+00,8.24E-02,3.18E-01,4.43E-01,7.54E-01,4.07E-01,2.72E-02,1.65E-02,1.11E-01,8.46E-02,5.70E-02,2.56E-02,1.54E-02,1.05E-01
101.090277777778,-0.500025579536852,1008.89996163069,43.5199968025579,-1.91266420634917,69085.7265035537,127303.390616233,2,0.00479094293650782,177.765999998833,0.837333450662907,0.05,39.4486666655389,0.100000127998987,1.36E+00,8.24E-02,3.19E-01,4.45E-01,7.55E-01,4.09E-01,2.74E-02,1.65E-02,1.11E-01,8.47E-02,5.73E-02,2.58E-02,1.56E-02,1.06E-01
101.097222222222,-0.280019184652639,1008.83995523581,43.1400031974421,-2.11631577460501,100716.839902696,132008.093758767,5.00827343923689,0.00495051634920652,177.036000001167,0.844666549337093,0.05,38.7433333344611,0.17999971200228,1.36E+00,8.24E-02,3.21E-01,4.47E-01,7.55E-01,4.11E-01,2.76E-02,1.66E-02,1.11E-01,8.49E-02,5.75E-02,2.59E-02,1.58E-02,1.07E-01
101.104166666667,-0.100009592326115,1008.70004316547,42.6500095923261,-2.12693623333277,132347.953691193,136712.796829019,2,0.00510312952380942,176.306000003503,0.851999648011265,0.05,38.0380000033847,0.229998896011094,1.37E+00,8.24E-02,3.22E-01,4.49E-01,7.56E-01,4.13E-01,2.79E-02,1.67E-02,1.11E-01,8.50E-02,5.78E-02,2.60E-02,1.59E-02,1.08E-01
101.111111111111,-0.340004796163466,1008.87000959233,43.070020783375,-2.21875339682542,233659.760794129,128485.216115179,2.98223873433063,0.00497269301587295,177.839999995093,0.789335338698747,0.05,40.2586666595624,0.150000047999927,1.37E+00,8.24E-02,3.23E-01,4.50E-01,7.57E-01,4.15E-01,2.81E-02,1.67E-02,1.12E-01,8.51E-02,5.81E-02,2.61E-02,1.61E-02,1.09E-01
101.118055555556,-0.539987210231983,1009.12987210232,43.9000383693041,-2.21238335555554,334971.567897064,120257.63540134,3.34513188289862,0.00484225650793647,179.373999997546,0.726667669349374,0.05,42.4793333297812,0.150000959992399,1.38E+00,8.24E-02,3.24E-01,4.52E-01,7.57E-01,4.18E-01,2.83E-02,1.68E-02,1.12E-01,8.53E-02,5.84E-02,2.62E-02,1.63E-02,1.11E-01
101.125,-0.57,1008.99,43.73,-2.22089,436283.375,112030.0546875,3.09927042519094,0.00471182,180.908,0.664,0.05,44.7,0.19,1.40E+00,8.25E-02,3.29E-01,4.54E-01,7.65E-01,4.21E-01,2.94E-02,1.73E-02,1.12E-01,8.57E-02,7.55E-02,2.64E-02,1.74E-02,1.51E-01
101.131944444444,-0.430025579536034,1009.10995523581,43.000019184652,-2.43731661587292,400732.968816226,120508.572900872,3.20184876069087,0.00448088746031752,181.83133333481,0.636666229326337,0.05,43.618666664937,0.05,1.42E+00,8.27E-02,3.37E-01,4.55E-01,7.77E-01,4.24E-01,3.10E-02,1.80E-02,1.12E-01,8.62E-02,1.04E-01,2.66E-02,1.92E-02,2.10E-01
101.138888888889,-0.769998401278845,1009.01002398082,43.679979216625,-2.71955164126952,365182.562632452,128987.091114245,3.22147655562237,0.00424995492063504,182.754666669621,0.609332458652674,0.05,42.537333329874,0.130000287999562,1.44E+00,8.28E-02,3.45E-01,4.56E-01,7.89E-01,4.28E-01,3.26E-02,1.88E-02,1.12E-01,8.67E-02,1.33E-01,2.68E-02,2.10E-02,2.68E-01
101.145833333333,-0.910004796163057,1009.23998081535,43.9300335731414,-2.8160167285712,329632.156448678,137465.609327617,2.43058190582716,0.00401902238095256,183.677999997559,0.582000639979519,0.05,41.4560000009374,0.320000095999035,1.46E+00,8.30E-02,3.53E-01,4.58E-01,8.01E-01,4.32E-01,3.42E-02,1.95E-02,1.12E-01,8.73E-02,1.62E-01,2.70E-02,2.27E-02,3.27E-01
101.152777777778,-0.829996802557893,1009.17002238209,44.7299584332526,-2.83731540952373,294084.796941244,135316.677087338,2.13487659803696,0.00393110095238104,183.16933333252,0.595333546659831,0.05,41.6513333336457,0.05,1.48E+00,8.31E-02,3.61E-01,4.59E-01,8.14E-01,4.35E-01,3.58E-02,2.03E-02,1.13E-01,8.78E-02,1.91E-01,2.72E-02,2.45E-02,3.85E-01
101.159722222222,-0.849996802557893,1009.30000319744,44.97,-2.68752718095254,258537.437433756,133167.744787662,2.49978146277986,0.00384669619047613,182.66066666748,0.608666453340169,0.05,41.8466666663544,0.18999971200228,1.50E+00,8.33E-02,3.68E-01,4.60E-01,8.26E-01,4.39E-01,3.73E-02,2.10E-02,1.13E-01,8.83E-02,2.20E-01,2.74E-02,2.62E-02,4.44E-01
101.166666666667,-0.910014388489172,1009.30993764988,45.2200047961631,-2.9633072285722,222990.078090131,131018.812405368,3.02748748793924,0.00376229142857139,182.152000002441,0.621999360020481,0.05,42.0419999990627,0.0899996640033764,1.53E+00,8.34E-02,3.76E-01,4.61E-01,8.38E-01,4.42E-01,3.89E-02,2.18E-02,1.13E-01,8.89E-02,2.49E-01,2.76E-02,2.80E-02,5.02E-01
101.173611111111,-1.29000639488462,1009.32997601918,46.1600351718654,-2.98282263968221,216750.760393421,114085.885353579,4.64140305671301,0.00391559703703707,179.996666673562,0.739329578606601,0.05,42.1713333329196,0.05,1.55E+00,8.36E-02,3.84E-01,4.63E-01,8.50E-01,4.46E-01,4.05E-02,2.25E-02,1.13E-01,8.94E-02,2.78E-01,2.78E-02,2.98E-02,5.61E-01
101.180555555556,-1.53996802557996,1009.41989768186,47.6699104716239,-2.85438405079368,210511.44269671,97152.9583017895,2.61220886878075,0.00408088804232803,177.841333336781,0.8566647893033,0.05,42.3006666664598,0.360000447996453,1.57E+00,8.37E-02,3.92E-01,4.64E-01,8.63E-01,4.50E-01,4.21E-02,2.33E-02,1.13E-01,8.99E-02,3.06E-01,2.80E-02,3.15E-02,6.19E-01
101.1875,-1.44,1009.39,47.59,-2.837329,204272.125,80220.03125,2.35529143457513,0.00424617904761899,175.686,0.974,0.05,42.43,0.16,1.59E+00,8.39E-02,4.00E-01,4.65E-01,8.75E-01,4.53E-01,4.36E-02,2.40E-02,1.13E-01,9.05E-02,3.35E-01,2.83E-02,3.33E-02,6.78E-01
101.194444444444,-1.86005115907207,1009.27011510791,47.6500511590721,-2.6831374634921,234133.468694372,124031.624918385,2,0.00614057311111033,173.371999996299,0.86333156263834,0.05,42.2759999997537,0.11999942400456,1.61E+00,8.40E-02,4.08E-01,4.66E-01,8.87E-01,4.57E-01,4.52E-02,2.48E-02,1.14E-01,9.10E-02,3.64E-01,2.85E-02,3.51E-02,7.36E-01
101.201388888889,-1.66000479616347,1009.45997921663,48.0100271782596,-1.92786804127112,263994.812388744,167843.218586769,2.07310743060627,0.00816912172222138,171.057999992597,0.75266312527668,0.05,42.1219999995073,0.429999728000414,1.63E+00,8.42E-02,4.16E-01,4.68E-01,8.99E-01,4.60E-01,4.68E-02,2.55E-02,1.14E-01,9.15E-02,3.93E-01,2.87E-02,3.68E-02,7.95E-01
101.208333333333,-1.48,1009.30003357314,47.0699232613911,-0.45591794286035,293856.156083116,211654.812255154,2,0.01013185031746,168.744000015311,0.641998528047106,0.05,41.9679999975431,0.140000431995659,1.66E+00,8.43E-02,4.23E-01,4.69E-01,9.11E-01,4.64E-01,4.84E-02,2.63E-02,1.14E-01,9.21E-02,4.22E-01,2.89E-02,3.86E-02,8.53E-01
101.215277777778,-1.57998081534736,1009.33001918465,47.1399232613895,2.22373055237489,297414.281243369,186406.338588719,2,0.0107891485978831,171.934666671768,0.61133284268239,0.05,41.4559999991814,0.05,1.68E+00,8.45E-02,4.31E-01,4.70E-01,9.24E-01,4.68E-01,5.00E-02,2.70E-02,1.14E-01,9.26E-02,4.51E-01,2.91E-02,4.03E-02,9.12E-01
101.222222222222,-1.79000319744211,1009.46997761791,47.7500319744211,9.93424266033384,300972.406256631,161157.864536281,2,0.0114464468783076,175.125333328232,0.58066715731761,0.05,40.9440000008186,0.239999456004307,1.70E+00,8.46E-02,4.39E-01,4.71E-01,9.36E-01,4.71E-01,5.15E-02,2.78E-02,1.14E-01,9.31E-02,4.80E-01,2.93E-02,4.21E-02,9.70E-01
101.229166666667,-2.09995203836943,1009.43006714628,49.1299232613911,19.8308230952539,304530.53126793,135909.390604916,2,0.0121647530158756,178.315999984689,0.550001471952894,0.05,40.4320000024569,0.109999808001929,1.72E+00,8.48E-02,4.47E-01,4.73E-01,9.48E-01,4.75E-01,5.31E-02,2.85E-02,1.14E-01,9.37E-02,5.08E-01,2.95E-02,4.39E-02,1.03E+00
101.236111111111,-2.42,1009.46997921663,49.9199904076731,33.5325813333477,307738.906261954,132315.674465777,2,0.015364045343917,177.960000001139,0.593331946644483,0.05,41.4393333301107,0.109999824000268,1.74E+00,8.49E-02,4.55E-01,4.74E-01,9.60E-01,4.78E-01,5.47E-02,2.93E-02,1.14E-01,9.42E-02,5.37E-01,2.97E-02,4.56E-02,1.09E+00
101.243055555556,-2.60998081534797,1009.61985931255,49.5101023181441,48.6280306031785,310947.281255977,128721.958326639,2,0.0185633376719585,177.604000000569,0.636665973322242,0.05,42.4466666650554,0.320001215990373,1.77E+00,8.51E-02,4.63E-01,4.75E-01,9.72E-01,4.82E-01,5.63E-02,3.00E-02,1.15E-01,9.47E-02,5.66E-01,2.99E-02,4.74E-02,1.15E+00
101.25,-2.48,1009.51,47.77,66.03553,314155.65625,125128.2421875,2,0.02176263,177.248,0.68,0.05,43.454,0.26,1.75E+00,8.49E-02,4.61E-01,4.77E-01,9.71E-01,4.81E-01,5.59E-02,3.02E-02,1.14E-01,9.45E-02,5.61E-01,3.01E-02,4.73E-02,1.13E+00
101.256944444444,-2.19000639488401,1009.63992965628,48.609961630696,84.6036533650747,375321.801969389,144944.817671418,2,0.0176163667724879,179.081333336266,0.78400166402662,0.05,43.5560000001632,0.130000255997973,1.72E+00,8.45E-02,4.54E-01,4.78E-01,9.59E-01,4.77E-01,5.41E-02,2.98E-02,1.13E-01,9.36E-02,5.32E-01,3.01E-02,4.59E-02,1.07E+00
101.263888888889,-1.86000479616347,1009.52002557954,48.6300111910481,104.305402380933,436487.947688777,164761.393155335,2,0.0134701035449757,180.914666672532,0.88800332805324,0.05,43.6580000003263,0.199999968000049,1.68E+00,8.41E-02,4.46E-01,4.80E-01,9.48E-01,4.73E-01,5.23E-02,2.95E-02,1.12E-01,9.28E-02,5.03E-01,3.02E-02,4.45E-02,1.01E+00
101.270833333333,-1.66000479616306,1009.74998561151,48.8401486810548,125.394031904736,497654.093408166,184577.968639253,3.90900682125689,0.00932384031746362,182.747999983534,0.991997856068611,0.05,43.7599999984228,0.300001871981189,1.65E+00,8.36E-02,4.38E-01,4.82E-01,9.36E-01,4.69E-01,5.05E-02,2.92E-02,1.11E-01,9.20E-02,4.73E-01,3.02E-02,4.31E-02,9.50E-01
101.277777777778,-1.58000639488421,1009.76002877698,49.7200479616316,147.111247301547,596448.249815892,219985.593684016,2,0.00878157650793699,179.31666666118,0.947332618689568,0.05,43.4313333328078,0.210000159998733,1.61E+00,8.32E-02,4.30E-01,4.83E-01,9.25E-01,4.65E-01,4.87E-02,2.89E-02,1.10E-01,9.12E-02,4.44E-01,3.03E-02,4.17E-02,8.89E-01
101.284722222222,-1.26001278976843,1009.73000959233,49.8000063948842,169.272012380994,695242.406434108,255393.218815984,2,0.00832793563492031,175.88533333882,0.902667381310432,0.05,43.1026666671922,0.259999872001013,1.58E+00,8.28E-02,4.23E-01,4.85E-01,9.14E-01,4.61E-01,4.69E-02,2.86E-02,1.10E-01,9.04E-02,4.15E-01,3.04E-02,4.03E-02,8.28E-01
101.291666666667,-1.01003836930446,1009.87998081535,50.6199856115108,192.207716666697,794036.563150488,290800.843777347,2,0.00787429476190456,172.454000016466,0.858002143931389,0.05,42.7740000015772,0.309999232007718,1.54E+00,8.24E-02,4.15E-01,4.87E-01,9.02E-01,4.57E-01,4.51E-02,2.83E-02,1.09E-01,8.95E-02,3.86E-01,3.04E-02,3.89E-02,7.67E-01
101.298611111111,-0.829993605115378,1009.97999680256,50.7400287769808,215.480536984149,910431.750433659,295694.197934898,2.33820614678738,0.00750095763888874,171.92466666836,1.277319914452,0.0826666549333555,41.7460000032887,0.0899999520000731,1.51E+00,8.19E-02,4.07E-01,4.89E-01,8.91E-01,4.53E-01,4.33E-02,2.80E-02,1.08E-01,8.87E-02,3.57E-01,3.05E-02,3.75E-02,7.05E-01
101.305555555556,-0.619993605115992,1009.88007034372,51.5400639488401,236.464343809524,1026826.93771683,300587.552092449,2,0.0071316694444443,171.39533333418,1.696659957226,0.119333327466678,40.7180000016444,0.180001471988346,1.47E+00,8.15E-02,3.99E-01,4.90E-01,8.79E-01,4.48E-01,4.15E-02,2.77E-02,1.07E-01,8.79E-02,3.27E-01,3.05E-02,3.61E-02,6.44E-01
101.3125,0.02,1010.05,52.39,262.5841,1143222.125,305480.90625,4.44974240167456,0.00675041047619029,170.866,2.116,0.156,39.69,0.36,1.44E+00,8.11E-02,3.91E-01,4.92E-01,8.68E-01,4.44E-01,3.97E-02,2.74E-02,1.06E-01,8.71E-02,2.98E-01,3.06E-02,3.47E-02,5.83E-01
101.319444444444,0.439987210231983,1010.12994244604,52.2100447641881,285.996602857137,1586043.91584175,506682.103791854,2,0.00621486153439149,172.829333336474,2.25466888536883,0.206000007999985,40.014666667186,0.17000019199848,1.40E+00,8.07E-02,3.84E-01,4.94E-01,8.56E-01,4.40E-01,3.79E-02,2.71E-02,1.05E-01,8.63E-02,2.69E-01,3.06E-02,3.33E-02,5.22E-01
101.326388888889,0.869988808951912,1010.13998721023,52.1900127897692,309.772069841248,2028865.70668349,707883.301333709,6.09517527676068,0.00567931259259269,174.792666672948,2.39333777073765,0.25600001599997,40.339333334372,0.339999936000098,1.37E+00,8.02E-02,3.76E-01,4.96E-01,8.45E-01,4.36E-01,3.61E-02,2.68E-02,1.04E-01,8.54E-02,2.40E-01,3.07E-02,3.19E-02,4.60E-01
101.333333333333,1.28005755395669,1010.06002398082,51.8099904076739,332.531189523782,2471687.49752524,909084.498875564,6.81483142309017,0.00514687825396847,176.755999996267,2.5320242232248,0.306000057279864,40.6640000010653,0.220000095999035,1.33E+00,7.98E-02,3.68E-01,4.97E-01,8.34E-01,4.32E-01,3.43E-02,2.65E-02,1.03E-01,8.46E-02,2.11E-01,3.08E-02,3.05E-02,3.99E-01
101.340277777778,1.61997761790525,1010.27996163069,50.8300799360527,355.541468888849,3885553.16403185,2388844.33057572,2.55307751717689,0.00467621687830722,175.977999998756,3.03667474107459,0.42533335242654,40.886000000355,0.38999923200608,1.30E+00,7.94E-02,3.60E-01,4.99E-01,8.22E-01,4.28E-01,3.25E-02,2.62E-02,1.02E-01,8.38E-02,1.81E-01,3.08E-02,2.91E-02,3.38E-01
101.347222222222,2.10006714628424,1010.21003197442,49.7098625099894,377.448289523854,5299418.83596815,3868604.16942428,2.89852748197814,0.004205555502645,175.200000001244,3.54132525892541,0.54466664757346,41.107999999645,0.300000351997213,1.26E+00,7.89E-02,3.52E-01,5.01E-01,8.11E-01,4.24E-01,3.07E-02,2.59E-02,1.01E-01,8.30E-02,1.52E-01,3.09E-02,2.76E-02,2.77E-01
101.354166666667,2.73999520383694,1010.18008633094,48.8099856115108,399.879228095273,6713284.50239215,5348364.00183348,5.08986847323282,0.00374254841269829,174.422000003733,4.0459757767752,0.663999942720136,41.3299999989347,0.909999472005306,1.23E+00,7.85E-02,3.45E-01,5.02E-01,7.99E-01,4.20E-01,2.89E-02,2.56E-02,1.00E-01,8.21E-02,1.23E-01,3.09E-02,2.62E-02,2.15E-01
101.361111111111,3.01,1010.29000479616,48.4000543565193,419.915429365102,7141323.3349281,5676437.50122232,7.696845780042,0.00359081560846553,172.714666672129,3.59001459223344,0.562666699093272,41.8786666649114,2.40999958400063,1.19E+00,7.81E-02,3.37E-01,5.04E-01,7.88E-01,4.16E-01,2.71E-02,2.53E-02,9.93E-02,8.13E-02,9.38E-02,3.10E-02,2.48E-02,1.54E-01
101.368055555556,3.39984012789979,1010.46989768186,48.0100703437241,384.39803333323,7569362.16746405,6004511.00061116,2.39175031546005,0.00343908280423276,171.007333336064,3.13400729611672,0.461333349546636,42.4273333324557,2.37999942400456,1.16E+00,7.77E-02,3.29E-01,5.06E-01,7.76E-01,4.12E-01,2.53E-02,2.49E-02,9.84E-02,8.05E-02,6.46E-02,3.10E-02,2.34E-02,9.30E-02
101.375,3.43,1010.37,46.48,462.6111,7997401,6332584.5,3.04798994166017,0.00328735,169.3,2.678,0.36,42.976,1.75,1.14E+00,7.75E-02,3.26E-01,5.02E-01,7.72E-01,4.09E-01,2.45E-02,2.45E-02,9.82E-02,8.03E-02,5.17E-02,3.07E-02,2.29E-02,6.63E-02
101.381944444444,3.81012789768017,1010.41992965628,44.6699552358119,482.706443809521,8421563.66587651,6807119.83244934,2.15894216552203,0.0032757593915344,168.585999998858,2.34399465591451,0.351999998720002,43.5486666675827,1.48,1.14E+00,7.74E-02,3.26E-01,4.95E-01,7.72E-01,4.07E-01,2.42E-02,2.38E-02,9.86E-02,8.06E-02,5.03E-02,3.00E-02,2.31E-02,6.41E-02
101.388888888889,4.01998081534613,1010.4000303757,43.6299840127885,500.920105714274,8845726.33175301,7281655.16489867,5.33681384092538,0.00326416878306879,167.871999997716,2.00998931182902,0.343999997440005,44.1213333351654,1.35999976000037,1.14E+00,7.74E-02,3.26E-01,4.87E-01,7.73E-01,4.04E-01,2.38E-02,2.32E-02,9.89E-02,8.08E-02,4.89E-02,2.93E-02,2.32E-02,6.19E-02
101.395833333333,3.9800335731414,1010.46996642686,43.1800575539567,518.441097619023,9269888.99762952,7756190.497348,5.28683285251637,0.00325257817460318,167.157999999549,1.67599712009216,0.335999973120064,44.6940000012573,1.02000067199325,1.14E+00,7.73E-02,3.27E-01,4.80E-01,7.73E-01,4.02E-01,2.35E-02,2.26E-02,9.93E-02,8.11E-02,4.75E-02,2.86E-02,2.34E-02,5.98E-02
101.402777777778,4.33998721023157,1010.51997442046,42.9399904076737,536.119584444404,9309282.99992659,7827831.16653316,5.82097325292279,0.00322688333333336,167.06399999985,1.61599904003076,0.279999991040059,44.9560000004189,1.10999939200481,1.14E+00,7.73E-02,3.27E-01,4.73E-01,7.74E-01,4.00E-01,2.32E-02,2.20E-02,9.96E-02,8.13E-02,4.61E-02,2.79E-02,2.35E-02,5.76E-02
101.409722222222,4.55997761790525,1010.57998721023,40.6300415667474,552.446320952427,9348677.00007341,7899471.83346684,9.5768434151623,0.00320084166666665,166.97000000015,1.55600095996924,0.224000008959941,45.2179999995811,0.999999264005827,1.14E+00,7.72E-02,3.27E-01,4.65E-01,7.74E-01,3.98E-01,2.28E-02,2.13E-02,1.00E-01,8.16E-02,4.48E-02,2.72E-02,2.36E-02,5.55E-02
101.416666666667,4.8698992805758,1010.54993764988,40.5900143884892,569.242502857156,9388070.9981868,7971112.49704177,18.9423802686742,0.00317479999999999,166.876000000451,1.49600287990784,0.168000026879936,45.4799999987427,0.909999664003376,1.14E+00,7.71E-02,3.27E-01,4.58E-01,7.74E-01,3.95E-01,2.25E-02,2.07E-02,1.00E-01,8.18E-02,4.34E-02,2.65E-02,2.38E-02,5.33E-02
101.423611111111,5.24001119104809,1010.45998880895,38.8699760191827,585.44765428572,9063626.33212454,7441781.99802785,18.2752383797893,0.00319839833333334,168.281333328837,1.38267029339135,0.188666660053346,45.7826666656984,0.769999888000171,1.14E+00,7.71E-02,3.28E-01,4.50E-01,7.75E-01,3.93E-01,2.22E-02,2.01E-02,1.01E-01,8.21E-02,4.20E-02,2.58E-02,2.39E-02,5.11E-02
101.430555555556,5.23983373301578,1010.42001918465,37.0299232613919,597.00976,8739181.66606227,6912451.49901393,13.6439218709207,0.00322449952380952,169.686666664419,1.26933514669568,0.209333330026673,46.0853333328492,0.76000019199848,1.14E+00,7.70E-02,3.28E-01,4.43E-01,7.75E-01,3.91E-01,2.18E-02,1.95E-02,1.01E-01,8.23E-02,4.06E-02,2.51E-02,2.41E-02,4.90E-02
101.4375,4.98,1010.5,37.26,609.2095,8414737,6383121,11.2230660726775,0.00325060071428571,171.092,1.156,0.23,46.388,0.62,1.14E+00,7.70E-02,3.28E-01,4.35E-01,7.76E-01,3.89E-01,2.15E-02,1.89E-02,1.01E-01,8.26E-02,3.92E-02,2.44E-02,2.42E-02,4.68E-02
101.444444444444,5.34001918465203,1010.41992326139,35.2902366107083,621.833818095235,7876683.50100233,5984953.1674084,7.20912727557917,0.00329179433333332,174.207333338317,1.24333473068902,0.250000003199994,46.4726666668021,0.489999872001013,1.14E+00,7.69E-02,3.28E-01,4.28E-01,7.76E-01,3.87E-01,2.12E-02,1.82E-02,1.02E-01,8.28E-02,3.78E-02,2.38E-02,2.43E-02,4.46E-02
101.451388888889,5.57000319744231,1010.4799696243,35.539928057548,629.482909999998,7338630.00200465,5586785.33481681,5.32653476154315,0.00333415891666665,177.322666676633,1.33066946137804,0.270000006399988,46.5573333336042,0.480000063999903,1.14E+00,7.69E-02,3.28E-01,4.21E-01,7.77E-01,3.84E-01,2.08E-02,1.76E-02,1.02E-01,8.31E-02,3.65E-02,2.31E-02,2.45E-02,4.25E-02
101.458333333333,5.29000479616306,1010.40991846523,35.2301486810548,640.872804285708,6800576.50300698,5188617.50222521,12.834364760768,0.00337465650793651,180.437999994958,1.41800364788326,0.289999986240033,46.6419999998432,0.420000383996141,1.13E+00,7.68E-02,3.29E-01,4.13E-01,7.77E-01,3.82E-01,2.05E-02,1.70E-02,1.02E-01,8.33E-02,3.51E-02,2.24E-02,2.46E-02,4.03E-02
101.465277777778,5.8799520383684,1010.33995843325,34.6898816946421,649.624547936517,6487814.16724952,5143039.1667516,40.1041073455812,0.00337812542328042,179.387333331653,1.49400121596103,0.261333328746697,46.6093333332811,0.319999776001773,1.13E+00,7.68E-02,3.29E-01,4.06E-01,7.77E-01,3.80E-01,2.02E-02,1.64E-02,1.03E-01,8.36E-02,3.37E-02,2.17E-02,2.48E-02,3.81E-02
101.472222222222,5.61001278976843,1010.18002557954,34.0599392486,654.870308253989,6175051.83275048,5097460.8332484,37.8748314817225,0.00338159433862434,178.336666668347,1.56999878403897,0.232666671253303,46.5766666667189,0.409999840001267,1.13E+00,7.67E-02,3.29E-01,3.98E-01,7.78E-01,3.78E-01,1.98E-02,1.57E-02,1.03E-01,8.38E-02,3.23E-02,2.10E-02,2.49E-02,3.60E-02
101.479166666667,5.64999520383694,1010.22000959233,32.8703261390879,661.611854285728,5862289.49922485,5051882.49994082,48.8370454523787,0.00338490238095238,177.286000005042,1.64599635211674,0.204000013759967,46.5440000001568,0.260000767992283,1.13E+00,7.67E-02,3.29E-01,3.91E-01,7.78E-01,3.75E-01,1.95E-02,1.51E-02,1.03E-01,8.41E-02,3.09E-02,2.03E-02,2.50E-02,3.38E-02
101.486111111111,6.14998721023076,1009.98002717826,33.2900191846539,665.210160952381,5723587.6661499,5041293.33329388,63.0331809599963,0.00338166825396825,176.918666667842,1.65733297066086,0.208666665173336,46.8559999990019,0.330000031999951,1.13E+00,7.66E-02,3.30E-01,3.83E-01,7.79E-01,3.73E-01,1.92E-02,1.45E-02,1.04E-01,8.44E-02,2.95E-02,1.96E-02,2.52E-02,3.17E-02
101.493055555556,6.13991047162388,1010.04998081535,33.1499296562759,670.714003809525,5584885.83307495,5030704.16664694,17.4166781178149,0.00337843412698413,176.551333333921,1.66866648533043,0.213333332586668,47.1679999995009,0.399999552003547,1.13E+00,7.66E-02,3.30E-01,3.76E-01,7.79E-01,3.71E-01,1.88E-02,1.39E-02,1.04E-01,8.46E-02,2.82E-02,1.89E-02,2.53E-02,2.95E-02
101.5,6.38,1009.94,31.69,676.8975,5446184,5020115,34.9263288368733,0.0033752,176.184,1.68,0.218,47.48,0.34,1.13E+00,7.68E-02,3.27E-01,3.73E-01,7.80E-01,3.70E-01,1.88E-02,1.35E-02,1.04E-01,8.46E-02,2.74E-02,1.89E-02,2.50E-02,2.85E-02
101.506944444444,6.5699232613919,1009.95003197442,32.5302685851284,677.165210476191,5522069.33319197,5124465.49980561,36.9924762744306,0.00335733955026456,172.881999994718,1.59333194664448,0.210666665493336,47.5580000001248,0.15000057599544,1.12E+00,7.73E-02,3.22E-01,3.74E-01,7.81E-01,3.70E-01,1.91E-02,1.34E-02,1.04E-01,8.43E-02,2.72E-02,1.93E-02,2.43E-02,2.83E-02
101.513888888889,5.95003037570195,1009.79001598721,33.0399408473173,679.231119047604,5597954.66638394,5228815.99961122,49.7154892863776,0.00333947910052911,169.579999989436,1.50666389328897,0.203333330986671,47.6360000002495,0.369999808000292,1.11E+00,7.77E-02,3.18E-01,3.75E-01,7.82E-01,3.70E-01,1.93E-02,1.32E-02,1.05E-01,8.41E-02,2.69E-02,1.98E-02,2.36E-02,2.82E-02
101.520833333333,6.6000335731414,1009.64,29.8900959232612,681.606372857137,5673839.99957591,5333166.49941683,2.25319578585649,0.00332161865079366,166.277999990524,1.41999107228571,0.195999992640017,47.714000000931,0.29,1.10E+00,7.82E-02,3.13E-01,3.76E-01,7.83E-01,3.70E-01,1.95E-02,1.31E-02,1.05E-01,8.38E-02,2.66E-02,2.02E-02,2.29E-02,2.80E-02
101.527777777778,6.36996163069472,1009.67001278977,29.0601278976843,678.809290793674,5813831.83307245,5307906.83338041,7.45553984464223,0.00334387619047617,164.303333330176,1.23399702409536,0.18066666421335,47.9080000003102,0.309999744002027,1.09E+00,7.87E-02,3.08E-01,3.77E-01,7.84E-01,3.70E-01,1.97E-02,1.29E-02,1.05E-01,8.36E-02,2.64E-02,2.07E-02,2.23E-02,2.78E-02
101.534722222222,6.75995843325262,1009.80997442046,30.659638689042,674.191463492039,5953823.66692755,5282647.16661959,3.37822581530302,0.00336712023809526,162.328666669824,1.04800297590464,0.16533333578665,48.1019999996898,0.329999680002534,1.08E+00,7.91E-02,3.04E-01,3.78E-01,7.85E-01,3.70E-01,1.99E-02,1.28E-02,1.05E-01,8.33E-02,2.61E-02,2.11E-02,2.16E-02,2.77E-02
101.541666666667,6.2900335731414,1009.65992326139,30.2697793764994,673.917940476198,6093815.49941176,5257387.49953346,3.52197218304587,0.0033903642857143,160.354000009476,0.862008927714291,0.150000007359983,48.295999999069,0.309999376006271,1.07E+00,7.96E-02,2.99E-01,3.79E-01,7.86E-01,3.70E-01,2.02E-02,1.26E-02,1.05E-01,8.31E-02,2.59E-02,2.16E-02,2.09E-02,2.75E-02
101.548611111111,6.59005115907697,1009.50000479616,29.6799760191827,667.560102539669,5988558.66627451,5173906.3330223,2.13017772233643,0.00346135613888892,161.297333330315,0.802668565363708,0.122666675413317,48.7439999985668,0.269999840000244,1.07E+00,8.01E-02,2.94E-01,3.80E-01,7.87E-01,3.70E-01,2.04E-02,1.25E-02,1.05E-01,8.28E-02,2.56E-02,2.20E-02,2.03E-02,2.73E-02
101.555555555556,6.99995523581194,1009.53998721023,29.6298017585957,661.339136190471,5883301.83313725,5090425.16651115,10.9948502532488,0.00353475544444447,162.240666665158,0.743334282681854,0.0953333377066584,49.1919999992834,0.329999360005067,1.06E+00,8.05E-02,2.90E-01,3.81E-01,7.88E-01,3.70E-01,2.06E-02,1.23E-02,1.06E-01,8.26E-02,2.53E-02,2.25E-02,1.96E-02,2.71E-02
101.5625,7.09,1009.32,30.18,653.9912,5778045,5006944,21.2062742370662,0.00360266,163.184,0.684,0.068,49.64,0.22,1.05E+00,8.10E-02,2.85E-01,3.82E-01,7.89E-01,3.70E-01,2.08E-02,1.22E-02,1.06E-01,8.24E-02,2.51E-02,2.29E-02,1.89E-02,2.70E-02
101.569444444444,7.13002557953603,1009.27991047162,29.6703517186205,647.289006984132,5550716.83375682,4856094.00028101,49.7284253606035,0.00359974333333333,162.999333333038,0.621332330650626,0.0599999987200024,49.6319999999872,0.229999744002027,1.04E+00,8.14E-02,2.80E-01,3.83E-01,7.90E-01,3.70E-01,2.10E-02,1.20E-02,1.06E-01,8.21E-02,2.48E-02,2.34E-02,1.82E-02,2.68E-02
101.576388888889,7.19001119104809,1009.23999200639,29.3800639488462,637.829242539689,5323388.66751363,4705244.00056203,57.7118960791119,0.00359682666666667,162.814666666076,0.558664661301253,0.0519999974400048,49.6239999999744,0.280000079999878,1.03E+00,8.19E-02,2.75E-01,3.84E-01,7.91E-01,3.70E-01,2.13E-02,1.19E-02,1.06E-01,8.19E-02,2.45E-02,2.38E-02,1.76E-02,2.66E-02
101.583333333333,7.30996163069554,1009.19004796163,29.4199520383694,624.715547619065,5096060.50127045,4554394.00084304,55.3362874408563,0.00359423285714286,162.630000002495,0.495999200025601,0.05,49.6160000009406,0.210000047999518,1.02E+00,8.24E-02,2.71E-01,3.85E-01,7.92E-01,3.70E-01,2.15E-02,1.17E-02,1.06E-01,8.16E-02,2.43E-02,2.43E-02,1.69E-02,2.65E-02
101.590277777778,7.16999040767368,1009.10999680256,29.3801662669895,614.534983492068,4824480.33383944,4100733.58417875,58.9964214824712,0.00359804238095238,163.150000000831,0.479333066675212,0.05,49.8120000003134,0.259999840001267,1.01E+00,8.28E-02,2.66E-01,3.86E-01,7.93E-01,3.70E-01,2.17E-02,1.16E-02,1.06E-01,8.14E-02,2.40E-02,2.47E-02,1.62E-02,2.63E-02
101.597222222222,7.22010871303162,1009.15998081535,28.9000319744211,602.043961587261,4552900.16616056,3647073.16582125,58.6743169695179,0.00360185190476191,163.669999999169,0.462666933324788,0.05,50.0079999996866,0.239999776001773,1.01E+00,8.33E-02,2.61E-01,3.87E-01,7.94E-01,3.70E-01,2.19E-02,1.14E-02,1.07E-01,8.11E-02,2.38E-02,2.52E-02,1.55E-02,2.61E-02
101.604166666667,7.34,1008.96999520384,28.2599616306955,588.372847142851,4281319.99880588,3193412.74968954,80.0532236407515,0.00360419182539678,164.189999997505,0.446000799974399,0.05,50.2039999990595,0.279999520004823,9.98E-01,8.38E-02,2.57E-01,3.88E-01,7.95E-01,3.70E-01,2.21E-02,1.13E-02,1.07E-01,8.09E-02,2.35E-02,2.56E-02,1.49E-02,2.60E-02
101.611111111111,7.08000959232693,1008.85,27.9100015987212,575.584816031744,4067649.99920392,3137859.58312636,43.8827105823193,0.00354676788359785,164.052666667106,0.442000128002048,0.05,50.2533333331755,0.169999968000049,9.89E-01,8.42E-02,2.52E-01,3.89E-01,7.96E-01,3.70E-01,2.23E-02,1.11E-02,1.07E-01,8.06E-02,2.32E-02,2.61E-02,1.42E-02,2.58E-02
101.618055555556,7.59003836930405,1008.73005755396,26.5301854516362,561.981586984123,3853979.99960196,3082306.41656318,46.6034427844683,0.00348934394179893,163.915333333553,0.438000064001024,0.05,50.3026666665878,0.239999936000507,9.80E-01,8.47E-02,2.47E-01,3.90E-01,7.97E-01,3.70E-01,2.26E-02,1.10E-02,1.07E-01,8.04E-02,2.30E-02,2.65E-02,1.35E-02,2.56E-02
101.625,7.49,1008.82,26.77,546.1886,3640310,3026753.25,40.2105066256661,0.00343192,163.778,0.434,0.05,50.352,0.31,9.79E-01,8.47E-02,2.47E-01,3.92E-01,7.99E-01,3.71E-01,2.23E-02,1.10E-02,1.07E-01,8.02E-02,2.32E-02,2.69E-02,1.32E-02,2.58E-02
101.631944444444,7.58007034372409,1008.73998081535,27.1994756195113,527.716600000008,3465390.41699252,2817989.91705557,40.0617268039603,0.00343370902116402,164.066666667128,0.419999775996417,0.05,50.4180000001056,0.22999942400456,9.81E-01,8.43E-02,2.49E-01,3.95E-01,8.00E-01,3.71E-01,2.18E-02,1.11E-02,1.08E-01,8.00E-02,2.37E-02,2.72E-02,1.32E-02,2.60E-02
101.638888888889,7.4199712230192,1008.69999200639,27.1400447641924,514.828620634925,3290470.83398504,2609226.58411113,33.5022782818538,0.00343549804232804,164.355333334257,0.405999551992833,0.05,50.4840000002111,0.0900001279998051,9.84E-01,8.40E-02,2.51E-01,3.98E-01,8.02E-01,3.72E-01,2.12E-02,1.13E-02,1.08E-01,7.99E-02,2.42E-02,2.75E-02,1.32E-02,2.63E-02
101.645833333333,7.59001438848917,1008.64995203837,26.2300527577936,494.566152380969,3115551.25097756,2400463.2511667,29.8970706076755,0.00343728706349206,164.644000003199,0.392000799974399,0.05,50.5499999998848,0.259999136008682,9.87E-01,8.36E-02,2.53E-01,4.01E-01,8.04E-01,3.73E-01,2.07E-02,1.14E-02,1.08E-01,7.97E-02,2.48E-02,2.78E-02,1.32E-02,2.66E-02
101.652777777778,7.7499520383684,1008.53002557954,27.3799488409263,475.882391746065,2951280.00030613,2328640.58346718,22.4531075367855,0.00349495402116396,165.310666667733,0.408666933324788,0.05,50.5259999999616,0.169999744002027,9.89E-01,8.33E-02,2.55E-01,4.04E-01,8.06E-01,3.73E-01,2.01E-02,1.16E-02,1.08E-01,7.96E-02,2.53E-02,2.82E-02,1.32E-02,2.68E-02
101.659722222222,7.77993924859998,1008.39999680256,27.6999968025579,453.929753650751,2787008.74969387,2256817.91653282,18.7383668481964,0.00355399502645507,165.977333332267,0.425333066675212,0.05,50.5020000000384,0.19000028799772,9.92E-01,8.29E-02,2.57E-01,4.06E-01,8.07E-01,3.74E-01,1.96E-02,1.17E-02,1.09E-01,7.94E-02,2.58E-02,2.85E-02,1.32E-02,2.71E-02
101.666666666667,7.7699664268586,1008.29994724221,27.9997889688255,432.364316666649,2622737.49894786,2184995.24892546,12.4558637182225,0.00361303603174606,166.643999996801,0.441999200025601,0.05,50.4780000001152,0.170000527994694,9.95E-01,8.26E-02,2.60E-01,4.09E-01,8.09E-01,3.74E-01,1.90E-02,1.18E-02,1.09E-01,7.93E-02,2.63E-02,2.88E-02,1.32E-02,2.73E-02
101.673611111111,7.56000319744231,1008.31998241407,28.6799680255769,412.36422412696,2434472.04096524,1992721.95761697,11.6968630384517,0.00361416055555556,168.441333327583,0.430000384006143,0.05,50.6026666662678,0.229999920000122,9.98E-01,8.22E-02,2.62E-01,4.12E-01,8.11E-01,3.75E-01,1.85E-02,1.20E-02,1.09E-01,7.91E-02,2.69E-02,2.91E-02,1.32E-02,2.76E-02
101.680555555556,7.69985291766781,1008.18994244604,28.4899488409279,388.647079682533,2246206.58298262,1800448.66630849,12.199448592075,0.00361236492063492,170.238666663792,0.418000192003072,0.05,50.7273333331339,0.090000639994933,1.00E+00,8.19E-02,2.64E-01,4.15E-01,8.12E-01,3.76E-01,1.79E-02,1.21E-02,1.09E-01,7.89E-02,2.74E-02,2.94E-02,1.32E-02,2.78E-02
101.6875,7.51,1008.13,28.26,366.3731,2057941.125,1608175.375,9.56367598874534,0.00361056928571429,172.036,0.406,0.05,50.852,0.17,1.00E+00,8.15E-02,2.66E-01,4.18E-01,8.14E-01,3.76E-01,1.74E-02,1.22E-02,1.10E-01,7.88E-02,2.79E-02,2.97E-02,1.32E-02,2.81E-02
101.694444444444,7.65998081534798,1008.04992965628,27.8698017585957,344.412754920644,1885323.12532157,1548754.83344403,6.94572065166329,0.00358066666666668,174.864666671191,0.401999935998976,0.05,50.8473333333259,0.369998720010134,1.01E+00,8.12E-02,2.68E-01,4.20E-01,8.16E-01,3.77E-01,1.68E-02,1.24E-02,1.10E-01,7.86E-02,2.85E-02,3.00E-02,1.32E-02,2.83E-02
101.701388888889,7.37999840127884,1007.91000799361,28.3499648281346,319.531203333354,1712705.12564313,1489334.29188805,2.880371898656,0.00354858333333335,177.693333342383,0.397999871997952,0.05,50.8426666666517,0.279999824000268,1.01E+00,8.08E-02,2.71E-01,4.23E-01,8.18E-01,3.78E-01,1.63E-02,1.25E-02,1.10E-01,7.85E-02,2.90E-02,3.03E-02,1.32E-02,2.86E-02
101.708333333333,7.50997601918471,1007.78003357314,28.4899616306955,296.134478095298,1540087.1259647,1429913.75033208,7.39070691379149,0.00351602888888891,180.521999998068,0.394000543982591,0.05,50.83799999984,0.26,1.01E+00,8.05E-02,2.73E-01,4.26E-01,8.19E-01,3.78E-01,1.57E-02,1.27E-02,1.10E-01,7.83E-02,2.95E-02,3.07E-02,1.32E-02,2.89E-02
101.715277777778,7.47000319744211,1007.75001278977,28.900028776979,273.005081904802,1416737.66689654,1290289.20859353,22.5371639920516,0.00347413074074077,180.11933333269,0.405333514660856,0.05,50.8046666666134,0.150000159998733,1.01E+00,8.01E-02,2.75E-01,4.29E-01,8.21E-01,3.79E-01,1.52E-02,1.28E-02,1.11E-01,7.81E-02,3.00E-02,3.10E-02,1.32E-02,2.91E-02
101.722222222222,7.47998081534736,1007.65003517186,28.6800095923263,249.619103491992,1293388.20810347,1150664.66640647,26.2422600996382,0.00343223259259255,179.71666666731,0.416666485339144,0.05,50.7713333333866,0.170000031999747,1.02E+00,7.98E-02,2.77E-01,4.32E-01,8.23E-01,3.79E-01,1.46E-02,1.29E-02,1.11E-01,7.80E-02,3.06E-02,3.13E-02,1.32E-02,2.94E-02
101.729166666667,7.4599664268586,1007.66995683453,28.8898561151083,226.039507142823,1170038.74922206,1011040.12450968,32.7138195248816,0.00339339039682547,179.314000001932,0.427999456017409,0.05,50.73800000016,0.130000431995659,1.02E+00,7.94E-02,2.79E-01,4.35E-01,8.24E-01,3.80E-01,1.41E-02,1.31E-02,1.11E-01,7.78E-02,3.11E-02,3.16E-02,1.32E-02,2.96E-02
101.736111111111,7.41997761790382,1007.58998561151,28.9400527577981,201.673185714264,1030838.52031471,923304.645506453,29.472765249716,0.00347882359788364,174.568000015183,0.39866760534835,0.05,50.6633333335722,0.120000015999976,1.02E+00,7.91E-02,2.82E-01,4.37E-01,8.26E-01,3.81E-01,1.35E-02,1.32E-02,1.12E-01,7.77E-02,3.16E-02,3.19E-02,1.32E-02,2.99E-02
101.743055555556,7.17001918465203,1007.40008952838,29.4998401278998,178.684553650788,891638.291407354,835569.166503227,24.7401383504915,0.00356425679894182,169.822000007592,0.369333802674175,0.05,50.5886666667861,0.29000019199848,1.02E+00,7.87E-02,2.84E-01,4.40E-01,8.28E-01,3.81E-01,1.30E-02,1.33E-02,1.12E-01,7.75E-02,3.22E-02,3.22E-02,1.32E-02,3.01E-02
101.75,7.2,1007.34,29.72,156.2299,752438.0625,747833.6875,20.0919277912303,0.00364969,165.076,0.34,0.05,50.514,0.15,1.04E+00,7.87E-02,2.86E-01,4.43E-01,8.31E-01,3.84E-01,1.29E-02,1.35E-02,1.12E-01,7.74E-02,3.34E-02,3.24E-02,1.35E-02,3.29E-02
101.756944444444,6.97999360511599,1007.2299616307,30.2799488409279,134.16471428572,692362.312611913,712478.333399196,16.0432035947974,0.00364983880952381,168.034666671399,0.39533421868083,0.05,50.4613333332491,0.170000639994933,1.06E+00,7.89E-02,2.88E-01,4.45E-01,8.35E-01,3.87E-01,1.33E-02,1.37E-02,1.12E-01,7.73E-02,3.52E-02,3.24E-02,1.38E-02,3.75E-02
101.763888888889,6.85000159872116,1007.09000479616,30.1700111910481,113.140137936523,632286.562723827,677122.979298392,13.7234729878571,0.00364998761904762,170.993333342799,0.45066843736166,0.05,50.4086666664982,0.180000015999976,1.07E+00,7.92E-02,2.91E-01,4.47E-01,8.40E-01,3.91E-01,1.37E-02,1.39E-02,1.12E-01,7.72E-02,3.69E-02,3.25E-02,1.42E-02,4.21E-02
101.770833333333,6.64999520383694,1006.94005755396,30.7000479616306,91.9660263809754,572210.81283574,641767.625197588,11.0485865856304,0.00365013642857143,173.952000002047,0.506000223992832,0.05,50.3559999979813,0.17,1.09E+00,7.94E-02,2.93E-01,4.49E-01,8.44E-01,3.94E-01,1.40E-02,1.41E-02,1.13E-01,7.71E-02,3.87E-02,3.25E-02,1.46E-02,4.67E-02
101.777777777778,6.45002238209475,1007.07997761791,31.2300127897684,72.4337789524151,544999.53130071,682711.645757032,9.37584797672895,0.00366980201058199,174.378666667349,0.510666741330941,0.05,49.9353333326607,0.0600000639994933,1.11E+00,7.96E-02,2.95E-01,4.51E-01,8.48E-01,3.98E-01,1.44E-02,1.43E-02,1.13E-01,7.70E-02,4.05E-02,3.25E-02,1.50E-02,5.13E-02
101.784722222222,6.31002238209475,1006.94000959233,31.4399776179053,54.8372983809202,517788.24994929,723655.666742968,7.55016965642965,0.00368994751322753,174.805333332651,0.515333258669059,0.05,49.5146666673393,0.269999744002027,1.13E+00,7.98E-02,2.97E-01,4.53E-01,8.53E-01,4.02E-01,1.47E-02,1.45E-02,1.13E-01,7.69E-02,4.22E-02,3.26E-02,1.53E-02,5.59E-02
101.791666666667,6.12999040767389,1006.92007194245,32.0699856115108,38.5743040952197,490576.968794821,764599.687084664,6.28525021178296,0.00371009301587303,175.231999997953,0.519999776007168,0.05,49.0940000020187,0.09,1.15E+00,8.01E-02,2.99E-01,4.55E-01,8.57E-01,4.05E-01,1.51E-02,1.47E-02,1.13E-01,7.68E-02,4.40E-02,3.26E-02,1.57E-02,6.04E-02
101.798611111111,5.88997761790382,1007.04999040767,32.8300127897692,24.8795707618937,498596.93752988,690281.478889776,9.35066465303976,0.00374091247222224,173.968000004044,0.562665301311491,0.05,48.9260000005375,0.130000079999878,1.17E+00,8.03E-02,3.02E-01,4.57E-01,8.61E-01,4.09E-01,1.54E-02,1.48E-02,1.13E-01,7.67E-02,4.57E-02,3.27E-02,1.61E-02,6.50E-02
101.805555555556,5.57001918465203,1007.13990407674,33.5599552358119,13.4372088571397,506616.90626494,615963.270694888,11.9099394075419,0.00377227011111112,172.704000002022,0.605332650655746,0.05,48.7580000002687,0.23999942400456,1.18E+00,8.05E-02,3.04E-01,4.59E-01,8.66E-01,4.13E-01,1.58E-02,1.50E-02,1.13E-01,7.66E-02,4.75E-02,3.27E-02,1.65E-02,6.96E-02
101.8125,5.41,1007.05,33.8,6.130993,514636.875,541645.0625,15.5707858652834,0.0038024130952381,171.44,0.648,0.05,48.59,0.27,1.20E+00,8.07E-02,3.06E-01,4.61E-01,8.70E-01,4.16E-01,1.61E-02,1.52E-02,1.14E-01,7.65E-02,4.93E-02,3.27E-02,1.68E-02,7.42E-02
101.819444444444,5.27993605115992,1007.19997442046,34.7400575539561,0.970673228572173,435650.343897142,467603.239721264,18.2989200257501,0.00381690052910053,172.647333335265,0.670000352005631,0.05,48.637333333409,0.189999680002534,1.22E+00,8.10E-02,3.08E-01,4.63E-01,8.74E-01,4.20E-01,1.65E-02,1.54E-02,1.14E-01,7.63E-02,5.10E-02,3.28E-02,1.72E-02,7.88E-02
101.826388888889,4.99999680255769,1007.16000959233,35.3700031974423,-1.28953680317296,356663.812794284,393561.416942528,18.3651841899963,0.00383138796296296,173.854666670529,0.692000704011262,0.05,48.6846666668181,0.15000011199983,1.24E+00,8.12E-02,3.11E-01,4.65E-01,8.78E-01,4.23E-01,1.68E-02,1.56E-02,1.14E-01,7.62E-02,5.28E-02,3.28E-02,1.76E-02,8.34E-02
101.833333333333,4.86999520383694,1007.19999040767,35.7800143884892,-2.49716608095197,277677.281691426,319519.594163791,21.046592063343,0.00384684444444443,175.06199999969,0.713995872132102,0.05,48.731999999968,0.0700003839961413,1.26E+00,8.14E-02,3.13E-01,4.67E-01,8.83E-01,4.27E-01,1.72E-02,1.58E-02,1.14E-01,7.61E-02,5.45E-02,3.28E-02,1.80E-02,8.80E-02
101.840277777778,4.82001598721053,1007.40997442046,36.3799744204632,-2.97854164126952,240713.489652217,342002.385374769,19.933005810713,0.00388152037037035,174.99733333323,0.627998624044093,0.05,48.7253333333227,0.120000319997466,1.28E+00,8.17E-02,3.15E-01,4.69E-01,8.87E-01,4.31E-01,1.75E-02,1.60E-02,1.14E-01,7.60E-02,5.63E-02,3.29E-02,1.83E-02,9.26E-02
101.847222222222,4.66998721023157,1007.50999360512,36.6200159872105,-3.145548,203749.697847783,364485.177125231,21.9675748142569,0.00391619629629633,174.93266666677,0.542001375955907,0.05,48.7186666666773,0.180000319997467,1.29E+00,8.19E-02,3.17E-01,4.71E-01,8.91E-01,4.34E-01,1.79E-02,1.62E-02,1.14E-01,7.59E-02,5.81E-02,3.29E-02,1.87E-02,9.71E-02
101.854166666667,4.67998081534777,1007.52000959233,36.8799712230217,-2.91675842380893,166785.906491266,386967.968709222,13.2267783695874,0.00395077642857145,174.86800000031,0.456004127867898,0.05,48.712000000032,0.229999952000482,1.31E+00,8.21E-02,3.20E-01,4.74E-01,8.96E-01,4.38E-01,1.83E-02,1.64E-02,1.15E-01,7.58E-02,5.98E-02,3.30E-02,1.91E-02,1.02E-01
101.861111111111,4.34000799360578,1007.48,37.4799968025577,-3.14553101269831,209956.916827511,379671.395806148,13.2450108430122,0.00398146095238097,173.940666669633,0.436000640010239,0.05,48.7146666666581,0.159999856000219,1.33E+00,8.23E-02,3.22E-01,4.76E-01,9.00E-01,4.41E-01,1.86E-02,1.66E-02,1.15E-01,7.57E-02,6.16E-02,3.30E-02,1.95E-02,1.06E-01
101.868055555556,4.48003197442004,1007.57002557954,37.329974420464,-3.02554910158735,253127.927163755,372374.822903074,10.083533306092,0.00401214547619048,173.013333334817,0.416000320005119,0.05,48.7173333333291,0.15000057599544,1.35E+00,8.26E-02,3.24E-01,4.78E-01,9.04E-01,4.45E-01,1.90E-02,1.68E-02,1.15E-01,7.56E-02,6.34E-02,3.30E-02,1.98E-02,1.11E-01
101.875,2.99,1007.67,40.17,-1.788527,296298.9375,365078.25,4.86631740014071,0.00404283,172.086,0.396,0.05,48.72,0.13,1.36E+00,8.29E-02,3.24E-01,4.78E-01,9.04E-01,4.46E-01,1.89E-02,1.68E-02,1.15E-01,7.59E-02,6.34E-02,3.27E-02,2.00E-02,1.11E-01
101.881944444444,3.74001278976802,1007.72,37.0799232613919,-1.74989128253972,267230.724012484,333256.50005928,6.86771450707141,0.00432837563492056,170.195333330309,0.414666965338111,0.05,49.0233333338185,0.110000639994933,1.36E+00,8.34E-02,3.23E-01,4.78E-01,9.00E-01,4.45E-01,1.86E-02,1.69E-02,1.15E-01,7.65E-02,6.22E-02,3.20E-02,1.99E-02,1.09E-01
101.888888888889,3.65001278976924,1007.60001278977,37.2798976818461,-1.80774683333307,238162.510524967,301434.75011856,6.43573866694742,0.00461392126984112,168.304666660618,0.433333930676223,0.05,49.3266666676371,0.349999856000219,1.36E+00,8.38E-02,3.21E-01,4.78E-01,8.96E-01,4.43E-01,1.84E-02,1.69E-02,1.15E-01,7.70E-02,6.11E-02,3.14E-02,1.99E-02,1.06E-01
101.895833333333,4.08003836930446,1007.78995203837,34.7300383693045,-2.03462403809537,209094.297037451,269613.00017784,10.8118850811483,0.00489946690476168,166.414000002476,0.451999712009216,0.05,49.6300000005119,0.329999472005306,1.36E+00,8.42E-02,3.20E-01,4.78E-01,8.93E-01,4.42E-01,1.81E-02,1.69E-02,1.14E-01,7.76E-02,5.99E-02,3.07E-02,1.98E-02,1.04E-01
101.902777777778,4.02999680255789,1007.63002557954,34.6900127897684,-2.04960363809491,176197.265686305,269686.937499862,7.68762997811037,0.00468123322751347,166.930000000825,0.445999904003076,0.05,49.7366666668372,0.299999872001013,1.35E+00,8.47E-02,3.18E-01,4.78E-01,8.89E-01,4.41E-01,1.78E-02,1.69E-02,1.14E-01,7.82E-02,5.87E-02,3.01E-02,1.98E-02,1.01E-01
101.909722222222,4.05000319744211,1007.83998401279,34.7099488409263,-1.91480520317456,143300.234313695,269760.875000138,5.99990089907629,0.00445061153439137,167.445999999175,0.440000095996924,0.05,49.8433333331628,0.429999264005827,1.35E+00,8.51E-02,3.17E-01,4.77E-01,8.85E-01,4.39E-01,1.75E-02,1.70E-02,1.14E-01,7.87E-02,5.76E-02,2.94E-02,1.97E-02,9.90E-02
101.916666666667,4.04001918465223,1007.63004796163,33.9301342925656,-1.80798465714237,110403.203105179,269834.812517384,2.22283886365029,0.00421998984126974,167.961999997524,0.434000287990784,0.05,49.9499999994881,0.329999760002412,1.35E+00,8.56E-02,3.15E-01,4.77E-01,8.82E-01,4.38E-01,1.73E-02,1.70E-02,1.14E-01,7.93E-02,5.64E-02,2.88E-02,1.97E-02,9.65E-02
101.923611111111,3.75998401278845,1007.65001758593,34.8400031974423,-1.99188978253983,106856.526028453,272945.333344922,2.81416605788211,0.00419304703703703,167.185333335818,0.439333162663936,0.05,49.9206666667605,0.240000143999781,1.35E+00,8.60E-02,3.13E-01,4.77E-01,8.78E-01,4.37E-01,1.70E-02,1.70E-02,1.13E-01,7.99E-02,5.52E-02,2.81E-02,1.96E-02,9.41E-02
101.930555555556,3.56008952837612,1007.82999360512,34.3600575539561,-2.23565556507945,103309.848951726,276055.854172461,3.49178652964119,0.00417637375661376,166.408666667909,0.444666581331968,0.05,49.8913333333803,0.269999744002027,1.35E+00,8.65E-02,3.12E-01,4.77E-01,8.74E-01,4.36E-01,1.67E-02,1.70E-02,1.13E-01,8.04E-02,5.40E-02,2.75E-02,1.95E-02,9.16E-02
101.9375,3.77,1007.83,34.67,-2.379281,99763.171875,279166.375,2,0.00415970047619048,165.632,0.45,0.05,49.862,0.26,1.35E+00,8.69E-02,3.10E-01,4.76E-01,8.70E-01,4.34E-01,1.65E-02,1.70E-02,1.13E-01,8.10E-02,5.29E-02,2.68E-02,1.95E-02,8.91E-02
101.944444444444,3.60000639488401,1007.77008313349,34.7900447641881,-2.24444858730158,102029.854162444,267218.156272258,2.16912005226614,0.00408449200000003,164.680666665145,0.416666133324801,0.05,49.9086666667413,0.359999168006587,1.35E+00,8.74E-02,3.09E-01,4.76E-01,8.67E-01,4.33E-01,1.62E-02,1.71E-02,1.13E-01,8.15E-02,5.17E-02,2.62E-02,1.94E-02,8.67E-02
101.951388888889,3.60000159872116,1007.64002078338,35.3899776179038,-2.59336276984151,104296.536449888,255269.937544516,2.33165720278275,0.00400474200000003,163.72933333029,0.383332266649602,0.05,49.9553333334826,0.170000031999951,1.35E+00,8.78E-02,3.07E-01,4.76E-01,8.63E-01,4.32E-01,1.59E-02,1.71E-02,1.13E-01,8.21E-02,5.05E-02,2.55E-02,1.94E-02,8.42E-02
101.958333333333,3.39000959232612,1007.69004316547,35.9200335731414,-2.6830049619053,106563.218737332,243321.718816774,2.78128789151578,0.00392760285714287,162.778000017909,0.350000351988735,0.05,50.0020000000672,0.140000143998553,1.35E+00,8.83E-02,3.06E-01,4.76E-01,8.59E-01,4.31E-01,1.57E-02,1.71E-02,1.12E-01,8.27E-02,4.94E-02,2.49E-02,1.93E-02,8.17E-02
101.965277777778,3.13,1007.76002877698,37.129971223021,-2.91422092063394,107648.562497977,252436.333316348,2,0.00390224571428573,166.510000005967,0.357333450662907,0.05,50.0160000000224,0.18000038399696,1.35E+00,8.87E-02,3.04E-01,4.76E-01,8.55E-01,4.29E-01,1.54E-02,1.71E-02,1.12E-01,8.32E-02,4.82E-02,2.42E-02,1.93E-02,7.93E-02
101.972222222222,2.92999040767368,1007.76005435652,37.7499808153474,-2.60259746984554,108733.906252023,261550.947933652,2,0.00387688857142854,170.241999994033,0.364666549337093,0.05,50.0299999999776,0.110000991992146,1.35E+00,8.91E-02,3.03E-01,4.75E-01,8.52E-01,4.28E-01,1.51E-02,1.71E-02,1.12E-01,8.38E-02,4.70E-02,2.36E-02,1.92E-02,7.68E-02
101.979166666667,2.74999520383694,1007.75004316547,37.8199568345325,-2.72868781428441,109819.25008557,270665.562459223,2,0.0038573460317462,173.973999982091,0.371999648011265,0.05,50.0439999999328,0.14,1.35E+00,8.96E-02,3.01E-01,4.75E-01,8.48E-01,4.27E-01,1.48E-02,1.72E-02,1.12E-01,8.44E-02,4.59E-02,2.29E-02,1.92E-02,7.43E-02
101.986111111111,2.55000479616347,1007.85000159872,37.5600191846539,-1.92758605079324,125130.77089038,263369.187472816,2,0.00407426402116414,173.294000002175,0.338667733350398,0.05,49.8873333338345,0.299999968000049,1.35E+00,9.00E-02,3.00E-01,4.75E-01,8.44E-01,4.25E-01,1.46E-02,1.72E-02,1.11E-01,8.49E-02,4.47E-02,2.23E-02,1.91E-02,7.18E-02
101.993055555556,2.48001278976802,1007.85008952838,38.2299232613919,-1.75865713015869,140442.29169519,256072.812486408,2,0.00429118201058207,172.614000001088,0.305333866675199,0.05,49.7306666669173,0.259999040007601,1.35E+00,9.05E-02,2.98E-01,4.75E-01,8.41E-01,4.24E-01,1.43E-02,1.72E-02,1.11E-01,8.55E-02,4.35E-02,2.16E-02,1.91E-02,6.94E-02
102,2.17,1007.94,39.31,-1.756421,155753.8125,248776.4375,2.1332346746709,0.0045081,171.934,0.272,0.05,49.574,0.23,1.35E+00,9.05E-02,2.99E-01,4.76E-01,8.40E-01,4.25E-01,1.44E-02,1.73E-02,1.11E-01,8.55E-02,4.32E-02,2.16E-02,1.90E-02,6.93E-02
